layer,linear,K,N,x_chan_spread,w_chan_spread,sym_base,t1w_base,asym_base,wonly_base,sym_awq.25,t1w_awq.25,asym_awq.25,wonly_awq.25,sym_awq.5,t1w_awq.5,asym_awq.5,wonly_awq.5,sym_wflat.5,t1w_wflat.5,asym_wflat.5,wonly_wflat.5,sym_wflat1,t1w_wflat1,asym_wflat1,wonly_wflat1,sym_mix,t1w_mix,asym_mix,wonly_mix
0,self_attn.q_proj,5120,5120,10.13,1.761,23.143,16.335,24.368,23.206,22.3,15.311,23.956,22.321,19.708,13.245,22.403,19.718,23.14,16.62,24.293,23.232,22.866,16.75,23.956,23.004,22.984,16.016,24.348,23.024
0,self_attn.k_proj,5120,1024,10.13,1.615,23.34,16.385,24.562,23.4,22.535,15.448,24.222,22.559,20.352,13.683,22.859,20.36,23.357,16.608,24.558,23.446,23.17,16.732,24.324,23.312,23.065,15.957,24.493,23.101
0,self_attn.v_proj,5120,1024,10.13,1.211,21.784,16.744,22.923,21.85,21.877,16.515,23.06,21.91,21.076,15.971,22.658,21.095,21.939,16.739,23.016,21.99,21.948,16.673,23.112,21.992,21.808,16.429,23.063,21.835
0,self_attn.o_proj,5120,5120,93.16,2.07,18.525,14.972,19.478,18.608,20.744,13.582,22.141,20.786,20.062,12.477,21.669,20.088,19.372,15.709,20.615,19.44,19.977,16.082,21.225,20.06,21.616,14.193,23.042,21.659
0,mlp.gate_proj,5120,27648,11.91,1.497,23.072,16.036,24.355,23.116,22.059,14.429,23.649,22.076,19.854,12.23,21.75,19.86,23.063,16.442,24.265,23.121,22.736,16.642,23.89,22.809,22.669,15.204,24.14,22.693
0,mlp.up_proj,5120,27648,11.91,1.335,21.966,16.434,23.154,22.015,21.542,15.348,22.937,21.563,19.831,13.525,21.468,19.839,21.938,16.58,23.095,21.988,21.697,16.613,22.866,21.751,21.798,15.684,23.152,21.823
0,mlp.down_proj,27648,5120,41.2,1.519,20.274,15.985,21.427,20.715,21.136,15.06,22.449,21.516,20.211,13.171,21.975,20.453,20.235,16.202,21.365,20.68,20.1,16.336,21.224,20.544,21.156,15.325,22.453,21.548
1,self_attn.q_proj,5120,5120,1277.32,56.554,28.103,11.448,29.717,28.143,27.066,12.113,29.217,27.079,23.912,12.567,26.765,23.911,27.304,11.44,28.386,27.514,21.346,16.224,22.374,21.674,29.159,11.256,30.715,29.2
1,self_attn.k_proj,5120,1024,1277.32,12.455,29.017,11.317,30.406,29.094,29.233,12.34,30.857,29.254,25.624,11.816,28.381,25.624,28.262,13.203,29.542,28.463,24.615,16.733,25.311,24.858,30.215,11.126,31.705,30.263
1,self_attn.v_proj,5120,1024,1277.32,2.672,17.484,12.879,18.868,17.628,20.737,11.454,22.216,20.786,20.385,12.839,22.181,20.392,19.157,14.663,20.45,19.29,19.427,16.376,20.626,19.559,21.666,10.873,23.228,21.708
1,self_attn.o_proj,5120,5120,35.45,1.871,27.256,15.174,28.299,27.302,27.402,13.592,28.734,27.419,25.055,12.133,27.029,25.057,27.135,15.959,28.154,27.198,26.399,16.548,27.429,26.482,27.723,14.187,28.968,27.734
1,mlp.gate_proj,5120,27648,711.38,18.155,35.817,11.899,38.171,35.804,28.188,12.022,30.62,28.238,24.828,14.644,26.113,24.803,32.509,13.771,33.819,33.712,23.289,15.447,23.929,26.169,35.834,11.727,38.528,35.864
1,mlp.up_proj,5120,27648,711.38,8.791,24.612,12.595,26.464,24.781,26.987,10.784,29.649,27.008,22.825,10.407,26.132,22.833,24.905,13.772,26.218,25.178,22.509,15.201,23.414,22.916,28.894,11.469,30.602,28.958
1,mlp.down_proj,27648,5120,1253.19,10.842,13.162,10.737,13.552,17.217,13.94,12.771,14.956,14.004,10.617,14.053,11.343,10.622,10.581,11.311,10.667,22.095,9.4,17.806,9.623,22.356,15.469,9.707,16.379,18.381
2,self_attn.q_proj,5120,5120,338.04,11.254,25.846,12.511,27.293,25.92,24.752,11.332,26.825,24.766,21.282,10.459,23.946,21.285,25.168,13.411,26.4,25.348,21.206,15.943,22.377,21.451,26.204,12.054,27.805,26.253
2,self_attn.k_proj,5120,1024,338.04,9.617,26.822,12.989,28.35,26.909,26.093,11.511,27.909,26.113,22.398,10.269,25.074,22.4,26.596,14.032,27.554,26.796,22.992,16.111,24.108,23.2,27.372,12.399,28.937,27.424
2,self_attn.v_proj,5120,1024,338.04,1.482,18.183,14.875,19.34,18.374,21.026,14.303,22.236,21.093,20.774,13.481,22.357,20.792,20.074,15.311,21.212,20.203,20.355,16.307,21.561,20.428,21.571,13.596,23.016,21.607
2,self_attn.o_proj,5120,5120,11.3,1.285,21.706,15.787,22.885,21.757,21.728,14.796,23.081,21.756,20.344,13.386,21.859,20.358,21.727,16.133,22.86,21.781,21.531,16.439,22.655,21.59,21.919,15.042,23.184,21.949
2,mlp.gate_proj,5120,27648,129.18,6.546,28.408,13.958,31.881,28.432,22.229,11.92,25.753,22.248,21.14,11.941,20.868,21.148,32.627,15.36,34.311,32.974,26.286,16.08,27.267,28.279,28.518,12.804,32.863,28.523
2,mlp.up_proj,5120,27648,129.18,2.309,20.503,13.948,22.055,20.675,23.41,11.888,25.268,23.457,20.337,10.065,23.081,20.341,22.289,15.172,23.742,22.478,22.728,15.712,23.982,22.902,24.56,12.744,26.416,24.602
2,mlp.down_proj,27648,5120,5012.97,37.0,19.635,15.624,21.002,19.774,20.872,15.248,22.573,20.969,18.075,12.759,20.339,18.129,19.78,11.868,21.104,19.938,19.24,16.626,20.467,19.391,20.765,13.6,22.462,20.873
3,self_attn.q_proj,5120,5120,114.14,3.309,22.919,13.857,24.336,22.993,22.607,11.953,24.291,22.629,20.3,10.875,22.362,20.308,22.743,14.72,23.994,22.863,20.734,16.034,21.902,20.875,23.281,12.678,24.814,23.316
3,self_attn.k_proj,5120,1024,114.14,3.578,23.644,14.094,24.949,23.726,23.045,11.572,24.913,23.066,20.409,10.21,22.685,20.414,23.33,14.929,24.445,23.459,21.325,16.054,22.468,21.479,23.784,12.529,25.368,23.821
3,self_attn.v_proj,5120,1024,114.14,1.178,17.535,15.912,18.67,17.666,20.014,14.83,21.387,20.067,19.651,12.935,21.188,19.667,18.936,15.881,20.087,19.031,19.498,16.314,20.724,19.561,20.439,14.268,21.897,20.474
3,self_attn.o_proj,5120,5120,17.1,1.789,19.511,16.09,20.725,19.59,19.079,14.83,20.555,19.114,16.914,12.716,18.967,16.929,19.582,16.393,20.719,19.679,19.303,16.536,20.426,19.43,19.554,15.377,20.926,19.599
3,mlp.gate_proj,5120,27648,108.08,4.435,30.323,15.03,33.626,30.36,27.239,11.888,27.899,27.268,25.26,9.714,26.897,25.257,32.815,16.088,33.418,33.106,28.625,16.484,29.817,29.155,31.651,13.447,31.646,31.705
3,mlp.up_proj,5120,27648,108.08,1.572,16.95,15.696,18.131,17.218,20.305,13.723,21.864,20.382,17.519,10.842,20.268,17.526,18.709,16.092,19.964,18.961,19.637,16.152,20.791,19.847,21.095,14.13,22.839,21.154
3,mlp.down_proj,27648,5120,873.85,11.324,18.53,15.786,19.786,18.863,19.592,15.117,21.096,19.763,17.201,12.422,19.162,17.291,18.538,13.619,19.745,18.993,18.182,16.41,19.317,18.607,19.419,13.988,20.916,19.715
4,self_attn.q_proj,5120,5120,57.36,2.496,23.005,14.431,24.396,23.101,22.418,11.83,24.096,22.443,19.65,9.817,21.684,19.655,22.826,15.67,24.017,22.988,21.155,16.336,22.309,21.365,23.267,13.168,24.744,23.314
4,self_attn.k_proj,5120,1024,57.36,3.087,24.137,14.689,25.528,24.237,23.09,11.58,24.892,23.114,19.81,9.32,22.069,19.814,23.753,15.933,24.957,23.935,21.752,16.445,22.869,21.992,24.102,13.174,25.682,24.151
4,self_attn.v_proj,5120,1024,57.36,1.118,17.505,16.319,18.766,17.658,19.114,14.714,20.486,19.167,18.022,12.41,19.607,18.038,18.591,16.298,19.803,18.684,18.989,16.417,20.247,19.06,19.503,14.542,20.946,19.539
4,self_attn.o_proj,5120,5120,5.46,1.226,19.261,16.134,20.473,19.306,19.294,15.662,20.531,19.327,18.475,14.717,19.908,18.497,19.32,16.251,20.511,19.368,19.273,16.309,20.453,19.323,19.382,15.803,20.605,19.416
4,mlp.gate_proj,5120,27648,122.7,2.725,32.15,15.879,32.755,32.404,31.906,12.433,31.583,31.93,25.768,8.333,29.737,25.774,30.503,16.506,31.787,30.877,27.868,16.676,28.571,28.333,31.758,13.922,34.415,31.87
4,mlp.up_proj,5120,27648,122.7,1.352,20.091,16.191,21.347,20.426,24.644,14.627,26.243,24.767,22.829,11.513,24.923,22.833,21.944,16.28,23.155,22.242,23.296,16.209,24.424,23.539,25.516,14.652,27.082,25.593
4,mlp.down_proj,27648,5120,378.3,1.476,27.627,15.573,28.069,27.71,32.561,14.971,32.462,32.603,37.374,12.883,33.791,37.186,26.682,14.529,27.044,26.755,25.676,16.011,25.662,25.649,31.661,14.52,30.267,31.692
5,self_attn.q_proj,5120,5120,65.97,1.738,22.229,15.436,23.527,22.365,22.589,12.944,24.18,22.624,19.69,10.354,21.808,19.697,22.155,16.078,23.381,22.317,21.514,16.309,22.689,21.685,22.949,13.626,24.478,22.993
5,self_attn.k_proj,5120,1024,65.97,1.674,23.716,15.676,25.035,23.857,23.742,12.922,25.415,23.779,19.103,10.173,21.652,19.104,23.335,16.159,24.567,23.501,22.549,16.259,23.661,22.732,24.202,13.59,25.537,24.247
5,self_attn.v_proj,5120,1024,65.97,1.132,16.755,16.618,17.865,16.937,19.095,15.485,20.342,19.162,18.073,13.067,19.625,18.09,18.063,16.631,19.194,18.18,18.653,16.493,19.887,18.73,19.382,15.093,20.704,19.425
5,self_attn.o_proj,5120,5120,15.79,1.788,18.345,16.375,19.557,18.421,18.288,15.453,19.643,18.331,16.587,13.708,18.169,16.613,18.464,16.531,19.637,18.544,18.443,16.607,19.593,18.53,18.472,15.659,19.792,18.519
5,mlp.gate_proj,5120,27648,77.34,2.084,30.962,16.182,31.783,31.238,31.985,12.787,33.299,32.021,27.501,7.917,29.534,27.509,29.422,16.638,30.618,29.754,27.524,16.726,28.478,27.916,31.366,14.27,34.032,31.446
5,mlp.up_proj,5120,27648,77.34,1.189,14.51,16.471,15.514,14.845,19.088,15.725,20.427,19.217,18.401,13.274,20.257,18.417,17.022,16.451,18.161,17.267,18.76,16.31,19.952,18.92,19.942,15.531,21.393,20.011
5,mlp.down_proj,27648,5120,235.08,1.298,27.374,16.031,26.039,27.445,30.754,15.339,29.615,30.723,33.188,13.059,28.735,33.378,26.627,15.261,25.358,26.656,25.0,16.033,24.875,25.086,30.226,15.054,30.1,30.345
6,self_attn.q_proj,5120,5120,57.69,1.698,22.096,15.661,23.44,22.275,22.087,13.192,23.71,22.127,18.968,10.227,21.077,18.975,21.897,16.196,23.079,22.113,21.201,16.379,22.337,21.443,22.569,13.991,24.091,22.624
6,self_attn.k_proj,5120,1024,57.69,1.703,23.778,15.946,25.013,23.967,23.696,13.44,25.261,23.74,19.482,10.372,22.004,19.494,23.353,16.356,24.473,23.597,22.485,16.511,23.615,22.761,24.182,14.154,25.625,24.238
6,self_attn.v_proj,5120,1024,57.69,1.107,16.612,16.628,17.625,16.842,18.681,15.825,19.972,18.753,18.007,14.034,19.47,18.025,18.033,16.634,19.16,18.151,18.754,16.533,19.89,18.82,19.031,15.56,20.393,19.069
6,self_attn.o_proj,5120,5120,9.82,1.406,18.721,16.249,19.916,18.794,18.534,15.311,19.95,18.571,16.84,13.576,18.496,16.86,18.771,16.363,19.994,18.847,18.779,16.419,19.938,18.861,18.779,15.517,20.086,18.82
6,mlp.gate_proj,5120,27648,77.85,1.87,29.65,16.218,31.147,29.924,30.938,12.825,32.697,30.983,26.738,7.772,28.763,26.741,28.615,16.612,29.687,28.958,26.716,16.71,27.948,27.089,31.631,14.259,33.372,31.729
6,mlp.up_proj,5120,27648,77.85,1.112,14.707,16.408,15.796,15.046,19.054,15.733,20.465,19.18,18.302,13.473,20.173,18.318,16.808,16.35,17.987,17.08,18.318,16.201,19.612,18.51,19.614,15.447,21.129,19.685
6,mlp.down_proj,27648,5120,79.28,1.304,19.738,16.092,20.628,19.834,23.774,15.255,24.853,23.922,24.423,12.592,24.781,24.544,19.411,15.572,20.022,19.524,18.666,16.138,19.186,18.772,23.186,15.017,23.893,23.324
7,self_attn.q_proj,5120,5120,33.68,1.715,21.64,15.904,22.874,21.789,21.303,13.798,22.933,21.337,18.409,10.803,20.48,18.415,21.478,16.307,22.669,21.648,21.047,16.474,22.184,21.237,21.8,14.535,23.325,21.845
7,self_attn.k_proj,5120,1024,33.68,1.822,22.875,15.668,24.125,23.015,22.287,13.397,23.896,22.319,18.899,10.452,21.005,18.908,22.62,16.174,23.747,22.805,21.798,16.416,22.969,22.02,22.918,14.33,24.451,22.967
7,self_attn.v_proj,5120,1024,33.68,1.092,16.486,16.644,17.555,16.664,17.969,16.079,19.142,18.028,17.501,14.767,18.857,17.518,17.755,16.627,18.854,17.833,18.193,16.485,19.355,18.235,18.26,15.85,19.594,18.288
7,self_attn.o_proj,5120,5120,11.84,1.351,18.306,16.373,19.536,18.367,18.309,15.571,19.637,18.348,16.576,14.014,18.45,16.601,18.37,16.432,19.583,18.432,18.387,16.45,19.574,18.451,18.391,15.635,19.66,18.432
7,mlp.gate_proj,5120,27648,100.08,2.167,28.635,15.838,29.823,28.97,28.711,11.569,31.193,28.753,24.109,6.983,26.648,24.111,26.991,16.533,28.043,27.446,24.587,16.72,25.551,25.117,29.747,13.559,31.78,29.852
7,mlp.up_proj,5120,27648,100.08,1.063,14.487,16.578,15.467,14.917,18.422,16.071,19.745,18.555,17.997,14.384,19.816,18.016,16.333,16.499,17.429,16.648,17.655,16.302,18.861,17.881,18.885,15.761,20.326,18.96
7,mlp.down_proj,27648,5120,51.71,1.357,16.506,16.147,17.681,16.92,18.523,15.313,19.792,18.856,16.94,12.718,18.762,17.098,16.583,16.225,17.736,17.02,16.493,16.307,17.608,16.951,18.45,15.233,19.727,18.786
8,self_attn.q_proj,5120,5120,70.41,1.819,21.582,15.195,22.923,21.732,21.849,12.445,23.473,21.886,19.274,9.687,21.134,19.281,21.429,15.865,22.658,21.609,20.832,16.218,21.996,21.035,22.221,13.212,23.769,22.268
8,self_attn.k_proj,5120,1024,70.41,1.743,21.932,15.221,23.171,22.082,22.276,12.419,23.698,22.313,19.507,9.732,21.285,19.514,21.73,15.851,22.922,21.903,21.119,16.182,22.351,21.305,22.581,13.198,24.017,22.626
8,self_attn.v_proj,5120,1024,70.41,1.144,14.852,16.484,15.947,15.056,17.535,15.513,18.889,17.611,17.372,13.723,18.857,17.393,16.866,16.513,18.057,16.995,18.051,16.386,19.224,18.133,18.391,15.301,19.706,18.431
8,self_attn.o_proj,5120,5120,27.69,1.72,18.496,16.043,19.66,18.578,18.642,14.876,19.955,18.679,16.672,12.794,18.313,16.689,18.742,16.237,19.83,18.82,18.772,16.327,19.909,18.854,18.966,15.124,20.142,19.006
8,mlp.gate_proj,5120,27648,90.12,2.629,27.236,15.372,28.408,27.591,26.558,10.805,29.16,26.597,22.325,6.89,24.652,22.33,25.466,16.41,26.383,26.009,22.625,16.68,23.538,23.27,27.975,13.257,29.941,28.093
8,mlp.up_proj,5120,27648,90.12,1.044,12.47,16.61,13.271,12.981,16.195,16.474,17.358,16.345,16.798,15.846,18.174,16.824,15.199,16.554,16.312,15.455,16.646,16.398,17.844,16.758,17.003,16.256,18.28,17.056
8,mlp.down_proj,27648,5120,25.86,1.332,16.746,16.039,17.94,17.103,17.984,15.529,19.304,18.261,16.952,13.882,18.589,17.118,16.931,16.173,18.093,17.301,16.945,16.233,18.135,17.319,18.006,15.579,19.333,18.289
9,self_attn.q_proj,5120,5120,41.72,1.739,20.667,15.842,21.882,20.842,20.458,13.71,22.1,20.498,17.674,10.735,19.673,17.68,20.579,16.321,21.725,20.781,20.09,16.522,21.167,20.315,21.042,14.497,22.537,21.095
9,self_attn.k_proj,5120,1024,41.72,1.957,22.786,15.518,24.234,22.941,22.25,13.11,23.883,22.285,19.069,10.187,21.074,19.077,22.654,16.236,23.799,22.884,21.909,16.545,22.827,22.2,23.035,14.209,24.552,23.092
9,self_attn.v_proj,5120,1024,41.72,1.096,16.198,16.4,17.256,16.404,17.498,15.673,18.786,17.56,17.05,14.359,18.523,17.067,17.407,16.355,18.555,17.499,17.832,16.156,19.1,17.874,17.863,15.417,19.19,17.89
9,self_attn.o_proj,5120,5120,16.17,1.486,17.608,16.154,18.835,17.662,17.28,15.272,18.691,17.311,15.532,13.661,17.112,15.552,17.764,16.332,18.948,17.817,17.797,16.418,18.965,17.851,17.589,15.545,18.88,17.621
9,mlp.gate_proj,5120,27648,14.09,2.135,21.154,16.004,22.467,21.195,20.247,15.184,21.855,20.26,18.153,13.52,20.202,18.158,21.235,16.281,22.444,21.314,20.905,16.423,22.054,21.048,21.002,15.778,22.408,21.029
9,mlp.up_proj,5120,27648,14.09,1.023,17.269,16.548,18.439,17.319,17.422,16.43,18.63,17.442,17.156,16.072,18.449,17.167,17.375,16.504,18.572,17.404,17.366,16.422,18.591,17.386,17.388,16.341,18.625,17.402
9,mlp.down_proj,27648,5120,18.37,1.341,17.581,16.077,18.796,17.841,17.781,15.722,19.105,17.992,16.889,14.57,18.513,17.04,17.61,16.15,18.823,17.873,17.621,16.19,18.823,17.886,17.863,15.821,19.177,18.078
10,self_attn.q_proj,5120,5120,26.86,1.632,19.24,15.949,20.572,19.37,19.136,14.502,20.757,19.171,16.998,12.096,18.948,17.005,19.384,16.231,20.616,19.519,19.321,16.371,20.538,19.459,19.527,14.947,21.056,19.566
10,self_attn.k_proj,5120,1024,26.86,1.656,21.459,15.881,22.756,21.583,21.125,14.253,22.657,21.158,18.517,11.736,20.414,18.524,21.371,16.197,22.554,21.531,21.007,16.351,22.079,21.191,21.564,14.804,23.017,21.609
10,self_attn.v_proj,5120,1024,26.86,1.178,16.416,16.081,17.625,16.552,17.058,15.309,18.496,17.1,16.341,14.064,17.893,16.353,17.209,16.098,18.48,17.282,17.471,15.98,18.763,17.515,17.33,15.215,18.732,17.354
10,self_attn.o_proj,5120,5120,22.13,1.557,18.131,16.218,19.355,18.195,18.149,15.107,19.506,18.182,16.103,12.881,17.724,16.119,18.312,16.372,19.451,18.384,18.26,16.438,19.374,18.339,18.418,15.348,19.698,18.453
10,mlp.gate_proj,5120,27648,11.66,1.605,20.213,16.14,21.467,20.25,19.692,15.415,21.186,19.706,17.991,13.698,20.018,17.997,20.232,16.279,21.468,20.282,20.121,16.333,21.347,20.188,20.068,15.811,21.421,20.087
10,mlp.up_proj,5120,27648,11.66,1.024,17.204,16.487,18.384,17.245,17.29,16.323,18.51,17.308,16.922,15.87,18.267,16.933,17.268,16.434,18.47,17.296,17.234,16.338,18.473,17.254,17.213,16.212,18.483,17.227
10,mlp.down_proj,27648,5120,16.75,1.359,17.566,15.76,18.889,17.76,17.894,15.286,19.441,18.029,16.47,13.533,18.367,16.549,17.63,15.847,18.925,17.828,17.643,15.906,18.935,17.846,17.996,15.381,19.523,18.133
11,self_attn.q_proj,5120,5120,59.84,1.707,20.292,15.64,21.641,20.465,20.803,13.413,22.461,20.846,18.361,10.534,20.254,18.368,20.314,16.096,21.559,20.496,20.04,16.292,21.22,20.227,21.22,14.021,22.793,21.27
11,self_attn.k_proj,5120,1024,59.84,1.654,22.77,15.859,23.972,22.951,23.082,13.402,24.576,23.126,19.85,10.377,21.842,19.857,22.487,16.221,23.549,22.694,21.866,16.375,22.893,22.09,23.463,14.003,24.785,23.518
11,self_attn.v_proj,5120,1024,59.84,1.151,16.174,16.255,17.264,16.379,17.934,14.904,19.257,17.996,16.819,12.795,18.395,16.834,17.404,16.23,18.512,17.537,17.97,16.102,19.144,18.059,18.23,14.689,19.65,18.271
11,self_attn.o_proj,5120,5120,10.61,1.729,18.688,16.065,19.887,18.759,18.712,15.074,20.14,18.75,17.311,13.486,18.961,17.332,18.916,16.306,20.111,18.987,18.946,16.414,20.108,19.021,19.045,15.388,20.388,19.086
11,mlp.gate_proj,5120,27648,97.4,2.838,24.939,16.309,25.033,25.585,24.816,13.374,26.656,24.884,21.973,11.236,23.405,21.991,22.256,16.626,22.723,23.254,19.287,16.655,19.885,20.723,25.938,15.182,26.682,26.173
11,mlp.up_proj,5120,27648,97.4,1.06,14.483,16.622,15.202,15.232,16.666,16.547,17.808,16.792,17.036,16.314,18.279,17.058,16.539,16.587,17.678,16.684,17.132,16.513,18.336,17.162,17.182,16.484,18.38,17.208
11,mlp.down_proj,27648,5120,9.29,1.276,17.239,16.34,18.442,17.453,17.394,16.119,18.651,17.578,16.911,15.455,18.317,17.055,17.313,16.419,18.502,17.532,17.329,16.46,18.514,17.55,17.453,16.182,18.683,17.641
12,self_attn.q_proj,5120,5120,38.83,1.601,20.701,15.723,21.993,20.844,20.524,13.528,22.206,20.561,17.877,10.603,19.816,17.884,20.574,16.155,21.81,20.734,20.162,16.373,21.352,20.336,20.973,14.211,22.546,21.019
12,self_attn.k_proj,5120,1024,38.83,1.679,22.427,15.758,23.694,22.569,22.212,13.531,23.814,22.247,19.104,10.519,21.051,19.112,22.109,16.164,23.357,22.284,21.469,16.337,22.647,21.673,22.709,14.253,24.094,22.76
12,self_attn.v_proj,5120,1024,38.83,1.071,16.167,16.598,17.257,16.348,18.209,16.296,19.413,18.279,18.128,15.156,19.535,18.148,17.701,16.573,18.793,17.803,18.446,16.329,19.628,18.497,18.629,15.91,19.877,18.662
12,self_attn.o_proj,5120,5120,10.3,1.528,17.463,16.214,18.642,17.513,17.302,15.275,18.601,17.334,16.04,14.025,17.482,16.062,17.56,16.41,18.719,17.614,17.547,16.52,18.668,17.604,17.436,15.458,18.732,17.469
12,mlp.gate_proj,5120,27648,9.54,1.355,19.484,16.647,20.662,19.51,19.366,16.443,20.611,19.38,18.553,15.617,20.097,18.563,19.473,16.677,20.635,19.504,19.419,16.681,20.585,19.457,19.468,16.558,20.675,19.484
12,mlp.up_proj,5120,27648,9.54,1.034,17.208,16.663,18.363,17.234,17.294,16.648,18.452,17.309,17.223,16.546,18.414,17.235,17.241,16.632,18.408,17.258,17.199,16.562,18.383,17.212,17.269,16.599,18.445,17.281
12,mlp.down_proj,27648,5120,11.47,1.388,17.357,16.519,18.52,17.578,17.433,16.336,18.637,17.628,17.133,15.879,18.447,17.297,17.387,16.561,18.541,17.611,17.385,16.581,18.543,17.612,17.475,16.392,18.678,17.672
13,self_attn.q_proj,5120,5120,37.55,1.613,19.993,15.838,21.283,20.138,20.009,13.657,21.629,20.05,17.387,10.726,19.295,17.395,19.9,16.182,21.104,20.06,19.508,16.316,20.681,19.676,20.369,14.228,21.926,20.416
13,self_attn.k_proj,5120,1024,37.55,1.747,21.924,15.381,23.131,22.056,21.592,13.085,23.139,21.623,18.581,10.361,20.465,18.591,21.505,15.865,22.734,21.676,20.894,16.143,22.064,21.101,22.063,13.851,23.48,22.112
13,self_attn.v_proj,5120,1024,37.55,1.077,15.497,16.569,16.575,15.671,17.53,16.105,18.739,17.601,17.395,14.83,18.816,17.417,17.138,16.554,18.28,17.232,17.864,16.303,19.048,17.91,17.995,15.737,19.317,18.026
13,self_attn.o_proj,5120,5120,7.21,1.619,17.559,16.158,18.798,17.61,17.481,15.249,18.84,17.514,16.051,13.781,17.631,16.073,17.724,16.36,18.917,17.779,17.689,16.465,18.858,17.75,17.723,15.495,19.002,17.759
13,mlp.gate_proj,5120,27648,10.29,1.386,19.843,16.592,21.041,19.874,19.628,16.264,20.929,19.643,18.437,15.069,20.168,18.445,19.829,16.648,21.006,19.868,19.768,16.668,20.928,19.818,19.807,16.461,21.041,19.825
13,mlp.up_proj,5120,27648,10.29,1.039,17.044,16.614,18.2,17.075,17.16,16.604,18.328,17.176,17.102,16.5,18.306,17.114,17.107,16.587,18.278,17.126,17.084,16.524,18.276,17.097,17.149,16.554,18.337,17.161
13,mlp.down_proj,27648,5120,6.25,1.267,17.317,16.375,18.5,17.548,17.433,16.171,18.671,17.631,17.132,15.682,18.479,17.295,17.38,16.453,18.551,17.616,17.408,16.497,18.575,17.647,17.533,16.271,18.748,17.736
14,self_attn.q_proj,5120,5120,32.52,1.593,19.812,15.787,21.115,19.935,19.662,13.963,21.281,19.695,17.391,11.377,19.272,17.399,19.842,16.122,21.073,19.971,19.658,16.295,20.857,19.791,20.05,14.49,21.593,20.088
14,self_attn.k_proj,5120,1024,32.52,1.726,21.387,15.363,22.597,21.501,20.767,13.355,22.384,20.795,18.093,10.765,20.003,18.1,21.204,15.918,22.325,21.346,20.746,16.229,21.834,20.914,21.354,14.179,22.845,21.394
14,self_attn.v_proj,5120,1024,32.52,1.091,16.519,16.599,17.564,16.673,17.924,16.144,19.156,17.978,17.413,14.795,18.808,17.43,17.531,16.559,18.618,17.616,18.007,16.335,19.197,18.058,18.107,15.769,19.385,18.138
14,self_attn.o_proj,5120,5120,15.5,1.954,17.5,16.383,18.682,17.565,17.325,15.49,18.763,17.361,15.519,13.523,17.238,15.54,17.677,16.533,18.842,17.742,17.708,16.595,18.852,17.776,17.648,15.76,18.959,17.685
14,mlp.gate_proj,5120,27648,9.33,1.402,19.886,16.534,21.073,19.916,19.621,16.17,20.947,19.634,18.383,14.938,20.149,18.391,19.884,16.602,21.056,19.922,19.811,16.631,20.988,19.86,19.821,16.39,21.081,19.838
14,mlp.up_proj,5120,27648,9.33,1.046,17.063,16.617,18.236,17.093,17.161,16.588,18.341,17.177,17.082,16.457,18.292,17.093,17.13,16.588,18.307,17.148,17.096,16.521,18.295,17.109,17.142,16.53,18.34,17.154
14,mlp.down_proj,27648,5120,13.36,1.32,17.286,16.386,18.448,17.528,17.479,16.174,18.696,17.68,17.017,15.495,18.429,17.174,17.362,16.471,18.516,17.609,17.377,16.515,18.535,17.627,17.594,16.278,18.786,17.8
15,self_attn.q_proj,5120,5120,22.13,1.67,19.907,15.923,21.23,20.025,19.426,14.213,21.079,19.458,16.905,11.552,18.911,16.911,19.918,16.313,21.145,20.052,19.614,16.504,20.799,19.763,19.977,14.907,21.485,20.018
15,self_attn.k_proj,5120,1024,22.13,1.95,22.092,15.421,23.467,22.194,21.309,13.501,22.889,21.337,18.188,10.797,20.281,18.193,22.166,16.157,23.306,22.32,21.538,16.516,22.688,21.74,22.171,14.62,23.679,22.218
15,self_attn.v_proj,5120,1024,22.13,1.078,16.09,16.522,17.153,16.227,17.327,16.39,18.561,17.378,17.514,15.838,18.786,17.533,17.336,16.515,18.5,17.392,17.662,16.262,18.925,17.686,17.721,16.139,19.006,17.742
15,self_attn.o_proj,5120,5120,16.16,1.764,17.13,16.44,18.257,17.184,17.007,15.646,18.329,17.037,15.303,13.951,16.852,15.321,17.241,16.536,18.325,17.294,17.234,16.577,18.344,17.288,17.153,15.803,18.442,17.184
15,mlp.gate_proj,5120,27648,9.48,1.47,20.557,16.607,21.735,20.593,20.261,16.169,21.595,20.275,18.722,14.662,20.632,18.729,20.545,16.679,21.696,20.594,20.453,16.705,21.587,20.518,20.501,16.439,21.751,20.52
15,mlp.up_proj,5120,27648,9.48,1.045,17.025,16.661,18.167,17.063,17.157,16.628,18.304,17.174,17.06,16.484,18.251,17.072,17.101,16.646,18.268,17.123,17.085,16.593,18.269,17.1,17.161,16.596,18.328,17.174
15,mlp.down_proj,27648,5120,10.05,1.265,17.428,16.403,18.601,17.662,17.622,16.161,18.878,17.808,16.942,15.275,18.451,17.077,17.505,16.501,18.668,17.745,17.508,16.549,18.675,17.748,17.747,16.288,18.985,17.938
16,self_attn.q_proj,5120,5120,36.92,1.627,20.685,15.639,22.006,20.835,20.529,13.44,22.215,20.567,17.822,10.477,19.794,17.829,20.559,16.088,21.823,20.732,20.138,16.331,21.372,20.327,20.999,14.144,22.607,21.048
16,self_attn.k_proj,5120,1024,36.92,1.696,22.185,15.246,23.237,22.324,21.793,13.023,23.333,21.825,18.756,10.195,20.764,18.763,21.945,15.903,23.085,22.123,21.169,16.263,22.398,21.373,22.355,13.983,23.881,22.403
16,self_attn.v_proj,5120,1024,36.92,1.074,15.407,16.543,16.551,15.593,17.598,16.244,18.804,17.672,17.599,15.169,18.996,17.621,17.111,16.512,18.265,17.208,17.922,16.231,19.191,17.97,18.075,15.859,19.377,18.108
16,self_attn.o_proj,5120,5120,14.26,1.778,17.52,15.911,18.743,17.574,17.432,15.026,18.81,17.462,15.726,13.332,17.331,15.743,17.698,16.149,18.908,17.757,17.731,16.303,18.901,17.795,17.692,15.292,18.989,17.725
16,mlp.gate_proj,5120,27648,8.27,1.37,19.612,16.517,20.807,19.638,19.391,16.202,20.696,19.404,18.322,15.131,20.005,18.33,19.603,16.565,20.793,19.635,19.544,16.585,20.726,19.585,19.551,16.376,20.805,19.567
16,mlp.up_proj,5120,27648,8.27,1.056,17.115,16.556,18.3,17.141,17.185,16.513,18.382,17.199,17.056,16.346,18.297,17.067,17.167,16.535,18.359,17.185,17.137,16.482,18.348,17.151,17.162,16.463,18.382,17.174
16,mlp.down_proj,27648,5120,11.96,1.25,17.268,16.384,18.463,17.49,17.504,16.185,18.737,17.685,16.981,15.449,18.405,17.118,17.343,16.465,18.529,17.569,17.352,16.505,18.539,17.581,17.597,16.276,18.814,17.782
17,self_attn.q_proj,5120,5120,27.4,1.586,20.332,15.929,21.609,20.453,20.063,14.033,21.626,20.097,17.577,11.41,19.517,17.585,20.263,16.288,21.456,20.397,19.93,16.468,21.108,20.072,20.443,14.627,21.925,20.484
17,self_attn.k_proj,5120,1024,27.4,1.69,21.768,15.735,22.915,21.885,21.336,13.808,22.837,21.366,18.567,11.202,20.573,18.575,21.574,16.181,22.683,21.716,21.066,16.389,22.175,21.227,21.839,14.561,23.264,21.881
17,self_attn.v_proj,5120,1024,27.4,1.104,16.714,16.568,17.814,16.855,18.327,16.213,19.503,18.385,17.91,14.964,19.326,17.926,17.893,16.578,19.0,17.975,18.411,16.378,19.601,18.457,18.524,15.864,19.825,18.554
17,self_attn.o_proj,5120,5120,15.59,1.308,17.496,16.235,18.69,17.563,17.293,15.244,18.665,17.329,15.283,13.219,16.906,15.301,17.542,16.4,18.713,17.615,17.496,16.495,18.639,17.574,17.536,15.487,18.841,17.576
17,mlp.gate_proj,5120,27648,7.62,1.341,19.318,16.578,20.504,19.34,19.151,16.334,20.42,19.164,18.317,15.49,19.888,18.326,19.311,16.617,20.491,19.339,19.274,16.633,20.444,19.308,19.272,16.47,20.499,19.287
17,mlp.up_proj,5120,27648,7.62,1.05,17.222,16.603,18.392,17.244,17.262,16.558,18.444,17.277,17.144,16.408,18.365,17.155,17.249,16.583,18.432,17.265,17.211,16.53,18.407,17.224,17.24,16.517,18.443,17.252
17,mlp.down_proj,27648,5120,8.56,1.309,17.323,16.494,18.469,17.541,17.506,16.33,18.698,17.691,17.137,15.76,18.473,17.285,17.381,16.566,18.522,17.606,17.382,16.599,18.52,17.608,17.587,16.412,18.762,17.776
18,self_attn.q_proj,5120,5120,29.33,1.732,20.064,15.788,21.352,20.196,19.887,13.718,21.55,19.923,17.37,10.903,19.344,17.378,20.074,16.182,21.225,20.221,19.733,16.393,20.91,19.89,20.291,14.338,21.867,20.336
18,self_attn.k_proj,5120,1024,29.33,1.72,21.695,15.509,22.885,21.82,21.251,13.356,22.844,21.284,18.483,10.616,20.419,18.489,21.515,15.995,22.631,21.67,20.88,16.256,22.098,21.055,21.737,14.108,23.238,21.784
18,self_attn.v_proj,5120,1024,29.33,1.101,16.116,16.515,17.2,16.275,17.908,16.124,19.132,17.972,17.703,14.891,19.121,17.723,17.577,16.507,18.668,17.676,18.179,16.228,19.417,18.231,18.311,15.741,19.634,18.344
18,self_attn.o_proj,5120,5120,9.11,1.763,17.527,16.228,18.727,17.579,17.412,15.378,18.719,17.442,15.871,13.847,17.454,15.888,17.682,16.424,18.834,17.737,17.673,16.526,18.826,17.732,17.641,15.61,18.918,17.673
18,mlp.gate_proj,5120,27648,8.23,1.317,19.437,16.533,20.632,19.46,19.248,16.249,20.534,19.262,18.358,15.346,19.955,18.366,19.436,16.575,20.614,19.465,19.401,16.598,20.576,19.437,19.372,16.388,20.614,19.387
18,mlp.up_proj,5120,27648,8.23,1.044,17.329,16.58,18.496,17.353,17.357,16.499,18.549,17.371,17.159,16.269,18.422,17.17,17.357,16.56,18.538,17.374,17.329,16.513,18.529,17.344,17.325,16.451,18.541,17.337
18,mlp.down_proj,27648,5120,9.4,1.285,17.369,16.437,18.553,17.564,17.517,16.261,18.737,17.685,17.117,15.687,18.489,17.252,17.444,16.523,18.61,17.644,17.465,16.566,18.62,17.67,17.607,16.355,18.817,17.779
19,self_attn.q_proj,5120,5120,22.5,1.657,20.016,15.698,21.342,20.138,19.608,13.814,21.225,19.641,16.981,11.047,18.943,16.988,19.913,16.118,21.112,20.059,19.498,16.348,20.688,19.663,20.085,14.535,21.638,20.13
19,self_attn.k_proj,5120,1024,22.5,1.632,21.366,15.704,22.583,21.485,21.022,13.884,22.55,21.056,18.248,11.136,20.19,18.255,21.191,16.082,22.384,21.339,20.769,16.293,21.906,20.94,21.47,14.563,22.927,21.516
19,self_attn.v_proj,5120,1024,22.5,1.131,17.112,16.557,18.192,17.264,18.382,16.126,19.589,18.439,17.896,14.951,19.327,17.913,17.993,16.517,19.153,18.08,18.357,16.247,19.565,18.406,18.478,15.796,19.831,18.508
19,self_attn.o_proj,5120,5120,17.35,1.533,18.492,16.169,19.697,18.554,18.578,14.977,19.982,18.609,16.609,12.873,18.31,16.624,18.596,16.395,19.746,18.663,18.489,16.52,19.614,18.56,18.822,15.236,20.16,18.855
19,mlp.gate_proj,5120,27648,7.24,1.362,19.465,16.497,20.679,19.486,19.239,16.187,20.557,19.252,18.322,15.265,19.958,18.331,19.48,16.552,20.672,19.507,19.449,16.583,20.636,19.484,19.395,16.352,20.656,19.41
19,mlp.up_proj,5120,27648,7.24,1.051,17.329,16.547,18.508,17.352,17.343,16.469,18.554,17.357,17.153,16.242,18.42,17.164,17.354,16.526,18.542,17.371,17.316,16.476,18.525,17.33,17.318,16.423,18.542,17.33
19,mlp.down_proj,27648,5120,11.17,1.296,17.231,16.323,18.427,17.421,17.372,16.111,18.639,17.531,16.818,15.366,18.287,16.941,17.329,16.434,18.496,17.527,17.359,16.492,18.512,17.56,17.502,16.237,18.748,17.666
20,self_attn.q_proj,5120,5120,29.42,1.657,19.824,15.455,21.18,19.948,19.592,13.244,21.254,19.627,17.168,10.575,19.07,17.176,19.723,15.908,20.951,19.864,19.323,16.178,20.476,19.479,19.984,13.895,21.587,20.028
20,self_attn.k_proj,5120,1024,29.42,1.689,20.524,15.045,21.937,20.634,20.454,13.041,22.095,20.486,17.917,10.65,19.839,17.924,20.394,15.524,21.704,20.531,20.004,15.842,21.133,20.164,20.819,13.66,22.395,20.864
20,self_attn.v_proj,5120,1024,29.42,1.216,16.589,16.405,17.69,16.745,18.439,15.787,19.633,18.501,17.929,14.223,19.426,17.948,18.038,16.51,19.165,18.146,18.734,16.337,19.878,18.806,18.897,15.547,20.176,18.934
20,self_attn.o_proj,5120,5120,15.07,1.744,17.635,16.271,18.841,17.697,17.438,15.113,18.864,17.469,15.328,13.059,17.058,15.344,17.787,16.494,18.956,17.854,17.735,16.586,18.847,17.809,17.793,15.484,19.14,17.828
20,mlp.gate_proj,5120,27648,8.09,1.369,19.412,16.5,20.622,19.436,19.163,16.14,20.484,19.176,18.184,15.141,19.836,18.192,19.429,16.558,20.614,19.459,19.395,16.59,20.57,19.433,19.322,16.311,20.579,19.338
20,mlp.up_proj,5120,27648,8.09,1.047,17.416,16.548,18.587,17.441,17.419,16.436,18.627,17.433,17.18,16.156,18.467,17.191,17.445,16.529,18.634,17.464,17.425,16.486,18.634,17.44,17.391,16.387,18.62,17.404
20,mlp.down_proj,27648,5120,16.98,1.289,17.357,16.33,18.554,17.542,17.487,16.139,18.738,17.645,17.057,15.544,18.463,17.183,17.448,16.433,18.637,17.64,17.472,16.486,18.645,17.668,17.593,16.248,18.826,17.756
21,self_attn.q_proj,5120,5120,25.23,1.588,20.619,16.106,21.849,20.774,20.418,14.305,21.981,20.458,17.804,11.489,19.831,17.812,20.607,16.404,21.753,20.777,20.33,16.565,21.454,20.512,20.813,14.841,22.274,20.863
21,self_attn.k_proj,5120,1024,25.23,1.647,21.624,15.827,22.92,21.768,21.444,14.055,23.055,21.481,18.634,11.322,20.708,18.642,21.639,16.222,22.731,21.813,21.263,16.406,22.333,21.459,21.956,14.675,23.406,22.006
21,self_attn.v_proj,5120,1024,25.23,1.132,17.861,16.48,18.897,18.034,18.979,15.805,20.206,19.036,18.141,14.285,19.638,18.157,18.661,16.483,19.767,18.768,18.978,16.312,20.19,19.044,19.075,15.549,20.429,19.108
21,self_attn.o_proj,5120,5120,15.57,1.325,17.836,16.408,18.995,17.89,17.769,15.502,19.104,17.799,16.01,13.614,17.55,16.025,17.904,16.518,19.045,17.959,17.822,16.57,19.005,17.879,17.937,15.664,19.219,17.968
21,mlp.gate_proj,5120,27648,7.73,1.395,19.636,16.491,20.841,19.659,19.375,16.131,20.712,19.388,18.363,15.12,20.033,18.371,19.646,16.552,20.838,19.676,19.608,16.584,20.791,19.646,19.543,16.311,20.815,19.559
21,mlp.up_proj,5120,27648,7.73,1.041,17.561,16.561,18.731,17.586,17.555,16.446,18.765,17.569,17.301,16.161,18.597,17.311,17.583,16.548,18.769,17.601,17.555,16.509,18.754,17.57,17.533,16.409,18.764,17.545
21,mlp.down_proj,27648,5120,22.34,1.314,17.357,16.363,18.543,17.542,17.524,16.164,18.754,17.675,16.916,15.379,18.402,17.032,17.447,16.467,18.624,17.639,17.467,16.519,18.63,17.665,17.646,16.277,18.856,17.801
22,self_attn.q_proj,5120,5120,24.81,1.566,20.169,16.24,21.371,20.329,19.956,14.431,21.537,19.998,17.148,11.394,19.218,17.156,20.039,16.51,21.194,20.215,19.74,16.645,20.843,19.933,20.357,15.003,21.828,20.411
22,self_attn.k_proj,5120,1024,24.81,1.798,21.603,15.71,22.899,21.744,21.089,13.635,22.709,21.123,17.863,10.625,20.021,17.87,21.43,16.252,22.583,21.615,20.912,16.52,21.965,21.147,21.878,14.618,23.343,21.935
22,self_attn.v_proj,5120,1024,24.81,1.131,16.345,16.079,17.609,16.497,17.604,15.571,18.839,17.658,17.356,14.637,18.758,17.373,17.634,16.085,18.847,17.703,17.921,15.891,19.223,17.954,18.001,15.427,19.313,18.024
22,self_attn.o_proj,5120,5120,7.6,1.317,17.047,16.328,18.226,17.088,17.069,15.613,18.359,17.095,15.655,14.141,17.133,15.673,17.149,16.419,18.326,17.19,17.172,16.449,18.336,17.214,17.163,15.684,18.402,17.19
22,mlp.gate_proj,5120,27648,7.32,1.384,19.534,16.475,20.736,19.558,19.278,16.115,20.601,19.291,18.225,15.051,19.905,18.233,19.54,16.534,20.724,19.57,19.496,16.566,20.676,19.535,19.452,16.305,20.716,19.468
22,mlp.up_proj,5120,27648,7.32,1.032,17.531,16.571,18.71,17.556,17.554,16.475,18.756,17.569,17.306,16.189,18.599,17.317,17.554,16.552,18.746,17.573,17.537,16.508,18.732,17.552,17.527,16.43,18.753,17.54
22,mlp.down_proj,27648,5120,11.32,1.291,17.236,16.294,18.451,17.413,17.394,16.095,18.658,17.541,16.826,15.356,18.286,16.94,17.325,16.396,18.518,17.509,17.334,16.45,18.527,17.522,17.511,16.209,18.753,17.664
23,self_attn.q_proj,5120,5120,22.87,1.595,19.847,16.196,21.049,19.988,19.428,14.545,20.999,19.466,16.631,11.584,18.733,16.638,19.733,16.48,20.847,19.9,19.417,16.632,20.532,19.607,19.896,15.18,21.353,19.946
23,self_attn.k_proj,5120,1024,22.87,1.881,21.825,15.741,23.036,21.952,20.917,13.712,22.622,20.948,17.709,10.659,19.869,17.714,21.727,16.355,22.806,21.916,20.935,16.615,21.998,21.183,21.869,14.869,23.361,21.924
23,self_attn.v_proj,5120,1024,22.87,1.102,16.541,16.299,17.645,16.691,17.494,15.952,18.742,17.547,17.305,15.244,18.699,17.322,17.57,16.27,18.765,17.63,17.674,16.001,18.936,17.701,17.813,15.79,19.074,17.835
23,self_attn.o_proj,5120,5120,9.66,1.373,16.671,16.174,17.925,16.71,16.69,15.176,17.981,16.715,15.062,13.587,16.586,15.077,16.826,16.331,17.982,16.868,16.801,16.411,18.007,16.845,16.876,15.336,18.137,16.903
23,mlp.gate_proj,5120,27648,6.4,1.386,19.774,16.326,21.02,19.8,19.497,15.919,20.872,19.51,18.304,14.706,20.063,18.311,19.762,16.386,20.999,19.795,19.699,16.417,20.928,19.742,19.678,16.125,20.994,19.694
23,mlp.up_proj,5120,27648,6.4,1.027,17.419,16.458,18.627,17.445,17.441,16.334,18.684,17.455,17.125,15.971,18.475,17.136,17.455,16.438,18.673,17.474,17.432,16.394,18.668,17.448,17.416,16.284,18.681,17.428
23,mlp.down_proj,27648,5120,22.44,1.293,17.143,16.204,18.365,17.349,17.518,15.888,18.83,17.662,16.413,14.491,18.114,16.503,17.196,16.298,18.395,17.41,17.191,16.345,18.379,17.411,17.621,16.003,18.926,17.772
24,self_attn.q_proj,5120,5120,27.86,1.549,19.269,15.861,20.556,19.416,19.124,14.079,20.724,19.164,16.603,11.249,18.61,16.611,19.178,16.12,20.406,19.34,18.908,16.26,20.097,19.084,19.456,14.564,20.977,19.505
24,self_attn.k_proj,5120,1024,27.86,1.76,20.727,15.157,21.928,20.856,20.231,13.261,21.818,20.266,17.497,10.593,19.427,17.503,20.507,15.663,21.656,20.673,19.914,15.979,21.124,20.116,20.847,14.074,22.303,20.895
24,self_attn.v_proj,5120,1024,27.86,1.103,16.507,16.418,17.473,16.683,17.797,15.975,19.022,17.859,17.347,14.787,18.85,17.365,17.593,16.359,18.736,17.685,17.933,16.009,19.234,17.979,18.044,15.602,19.373,18.074
24,self_attn.o_proj,5120,5120,9.23,1.61,16.922,16.247,18.09,16.969,16.85,15.525,18.157,16.879,15.421,14.038,16.919,15.438,17.03,16.386,18.138,17.08,17.012,16.457,18.172,17.064,17.026,15.706,18.308,17.057
24,mlp.gate_proj,5120,27648,5.22,1.372,19.445,16.552,20.644,19.464,19.281,16.285,20.548,19.293,18.426,15.422,19.984,18.435,19.435,16.59,20.623,19.459,19.395,16.605,20.571,19.425,19.404,16.431,20.646,19.418
24,mlp.up_proj,5120,27648,5.22,1.024,17.543,16.601,18.714,17.563,17.559,16.515,18.744,17.572,17.324,16.255,18.583,17.335,17.546,16.588,18.729,17.562,17.523,16.555,18.713,17.537,17.546,16.491,18.745,17.558
24,mlp.down_proj,27648,5120,7.84,1.257,17.343,16.521,18.502,17.531,17.536,16.341,18.729,17.693,17.089,15.697,18.431,17.211,17.41,16.594,18.553,17.604,17.418,16.625,18.548,17.616,17.621,16.422,18.802,17.782
25,self_attn.q_proj,5120,5120,27.0,1.519,19.006,16.087,20.216,19.165,18.964,14.418,20.536,19.008,16.475,11.632,18.494,16.484,18.95,16.32,20.114,19.115,18.752,16.453,19.877,18.925,19.267,14.855,20.765,19.318
25,self_attn.k_proj,5120,1024,27.0,1.69,20.423,15.699,21.676,20.567,20.301,13.93,21.852,20.342,17.448,11.106,19.447,17.455,20.232,16.051,21.496,20.406,19.899,16.256,21.071,20.107,20.744,14.535,22.22,20.797
25,self_attn.v_proj,5120,1024,27.0,1.324,16.088,15.811,17.299,16.243,17.346,15.416,18.659,17.401,17.182,14.518,18.597,17.2,17.314,15.916,18.565,17.391,17.781,15.793,19.045,17.818,17.722,15.286,19.074,17.748
25,self_attn.o_proj,5120,5120,9.25,1.37,16.96,16.404,18.12,17.008,16.907,15.51,18.179,16.935,15.188,13.87,16.742,15.205,17.048,16.519,18.202,17.099,17.048,16.572,18.194,17.101,17.084,15.654,18.32,17.115
25,mlp.gate_proj,5120,27648,5.63,1.351,19.276,16.523,20.462,19.296,19.082,16.225,20.352,19.094,18.213,15.356,19.798,18.222,19.277,16.569,20.45,19.301,19.236,16.594,20.416,19.266,19.207,16.377,20.441,19.221
25,mlp.up_proj,5120,27648,5.63,1.031,17.618,16.6,18.789,17.639,17.628,16.503,18.817,17.641,17.387,16.233,18.652,17.398,17.628,16.585,18.804,17.645,17.598,16.552,18.785,17.612,17.609,16.473,18.808,17.621
25,mlp.down_proj,27648,5120,16.7,1.282,17.455,16.527,18.608,17.644,17.625,16.353,18.819,17.783,17.162,15.717,18.544,17.286,17.532,16.608,18.667,17.729,17.54,16.646,18.665,17.742,17.715,16.443,18.898,17.878
26,self_attn.q_proj,5120,5120,25.8,1.522,19.527,15.853,20.745,19.676,19.55,14.419,21.1,19.592,17.265,11.889,19.22,17.273,19.521,16.08,20.761,19.677,19.434,16.228,20.618,19.596,19.85,14.792,21.293,19.897
26,self_attn.k_proj,5120,1024,25.8,1.47,20.764,15.813,21.846,20.913,20.59,14.324,22.159,20.632,17.944,11.78,19.988,17.953,20.71,16.066,21.775,20.881,20.49,16.22,21.568,20.68,20.891,14.729,22.377,20.941
26,self_attn.v_proj,5120,1024,25.8,1.15,17.807,16.488,18.922,17.978,18.752,15.903,20.091,18.809,18.075,14.603,19.583,18.09,18.548,16.457,19.721,18.653,18.814,16.226,20.027,18.874,18.942,15.659,20.275,18.976
26,self_attn.o_proj,5120,5120,8.77,1.372,16.78,16.301,17.92,16.837,16.651,15.369,17.987,16.68,14.774,13.379,16.361,14.788,16.819,16.45,17.97,16.878,16.77,16.531,17.909,16.834,16.858,15.624,18.188,16.889
26,mlp.gate_proj,5120,27648,6.56,1.362,19.157,16.374,20.388,19.179,18.922,16.024,20.248,18.934,17.982,15.076,19.642,17.99,19.173,16.434,20.374,19.2,19.145,16.472,20.337,19.179,19.074,16.197,20.35,19.089
26,mlp.up_proj,5120,27648,6.56,1.046,17.567,16.504,18.748,17.59,17.56,16.386,18.779,17.573,17.293,16.081,18.589,17.303,17.579,16.485,18.769,17.597,17.556,16.447,18.756,17.571,17.536,16.346,18.769,17.548
26,mlp.down_proj,27648,5120,6.52,1.393,17.282,16.309,18.498,17.434,17.347,16.158,18.602,17.484,17.027,15.721,18.381,17.144,17.393,16.419,18.584,17.551,17.431,16.477,18.606,17.593,17.475,16.274,18.699,17.617
27,self_attn.q_proj,5120,5120,27.8,1.51,19.878,16.08,21.101,20.038,19.743,14.365,21.357,19.786,17.182,11.519,19.239,17.19,19.853,16.328,21.002,20.027,19.656,16.476,20.784,19.843,20.1,14.834,21.625,20.152
27,self_attn.k_proj,5120,1024,27.8,1.543,21.007,15.692,22.185,21.152,20.878,14.039,22.498,20.917,17.992,11.321,20.269,18.0,21.001,16.023,22.113,21.179,20.786,16.216,21.844,20.994,21.307,14.561,22.774,21.357
27,self_attn.v_proj,5120,1024,27.8,1.135,17.368,16.26,18.442,17.538,18.455,15.687,19.69,18.513,17.825,14.448,19.342,17.841,18.217,16.216,19.438,18.316,18.48,15.972,19.702,18.533,18.613,15.428,19.972,18.644
27,self_attn.o_proj,5120,5120,13.48,1.498,16.916,16.423,18.087,16.963,16.932,15.659,18.203,16.96,15.519,14.1,17.032,15.535,17.022,16.526,18.166,17.069,16.998,16.567,18.154,17.047,17.097,15.808,18.343,17.125
27,mlp.gate_proj,5120,27648,6.91,1.356,19.164,16.25,20.417,19.186,18.908,15.871,20.268,18.92,17.959,14.909,19.64,17.967,19.181,16.317,20.415,19.209,19.162,16.36,20.378,19.197,19.072,16.048,20.377,19.087
27,mlp.up_proj,5120,27648,6.91,1.044,17.582,16.442,18.783,17.606,17.578,16.305,18.816,17.592,17.292,15.976,18.612,17.302,17.596,16.417,18.805,17.615,17.574,16.374,18.797,17.59,17.542,16.255,18.803,17.554
27,mlp.down_proj,27648,5120,8.18,1.329,17.184,16.176,18.421,17.331,17.266,16.037,18.526,17.4,16.943,15.599,18.308,17.06,17.301,16.292,18.516,17.456,17.348,16.355,18.55,17.507,17.389,16.154,18.63,17.53
28,self_attn.q_proj,5120,5120,28.46,1.587,19.712,16.159,20.932,19.882,19.456,14.342,21.122,19.499,16.62,11.274,18.755,16.627,19.591,16.427,20.736,19.787,19.279,16.573,20.357,19.498,19.901,14.941,21.438,19.958
28,self_attn.k_proj,5120,1024,28.46,1.783,21.115,15.79,22.359,21.274,20.649,13.843,22.387,20.687,17.526,10.735,19.746,17.533,20.987,16.291,22.219,21.201,20.466,16.532,21.543,20.74,21.395,14.763,22.962,21.457
28,self_attn.v_proj,5120,1024,28.46,1.136,16.651,16.249,17.661,16.839,17.516,15.749,18.809,17.576,17.209,14.822,18.63,17.227,17.565,16.18,18.771,17.639,17.617,15.833,18.91,17.648,17.81,15.523,19.15,17.834
28,self_attn.o_proj,5120,5120,10.14,1.582,16.799,16.029,17.955,16.832,17.013,15.535,18.305,17.035,15.676,14.079,17.057,15.69,17.097,16.283,18.241,17.133,17.191,16.397,18.29,17.23,17.231,15.719,18.472,17.256
28,mlp.gate_proj,5120,27648,7.38,1.381,19.086,16.104,20.361,19.112,18.747,15.638,20.183,18.759,17.613,14.472,19.396,17.621,19.095,16.183,20.355,19.128,19.058,16.236,20.306,19.099,18.926,15.844,20.295,18.942
28,mlp.up_proj,5120,27648,7.38,1.036,17.337,16.287,18.569,17.365,17.317,16.111,18.611,17.332,16.954,15.689,18.354,16.964,17.357,16.252,18.601,17.379,17.347,16.203,18.606,17.364,17.269,16.04,18.582,17.282
28,mlp.down_proj,27648,5120,43.2,1.37,17.045,15.958,18.33,17.2,17.229,15.741,18.569,17.354,16.633,15.031,18.164,16.733,17.129,16.07,18.391,17.294,17.141,16.132,18.374,17.317,17.346,15.854,18.674,17.476
29,self_attn.q_proj,5120,5120,24.22,1.549,18.584,15.861,19.812,18.734,18.549,14.227,20.153,18.593,16.063,11.455,18.089,16.072,18.548,16.052,19.743,18.705,18.368,16.165,19.56,18.532,18.801,14.601,20.36,18.849
29,self_attn.k_proj,5120,1024,24.22,1.777,19.613,14.65,20.997,19.727,19.245,12.833,20.88,19.278,16.659,10.358,18.574,16.665,19.575,15.333,20.862,19.732,19.099,15.797,20.273,19.297,19.883,13.749,21.476,19.933
29,self_attn.v_proj,5120,1024,24.22,1.103,15.869,16.053,16.923,16.037,17.152,15.755,18.405,17.215,17.113,14.971,18.555,17.133,17.128,16.04,18.304,17.203,17.538,15.765,18.865,17.569,17.506,15.457,18.859,17.532
29,self_attn.o_proj,5120,5120,7.88,1.604,15.983,16.163,17.144,16.022,16.113,15.651,17.412,16.139,15.102,14.522,16.489,15.121,16.249,16.347,17.4,16.289,16.352,16.423,17.48,16.393,16.317,15.792,17.562,16.344
29,mlp.gate_proj,5120,27648,7.46,1.434,19.228,16.237,20.471,19.253,18.898,15.793,20.283,18.911,17.712,14.6,19.506,17.719,19.249,16.322,20.465,19.281,19.194,16.372,20.41,19.237,19.117,16.034,20.427,19.133
29,mlp.up_proj,5120,27648,7.46,1.024,17.396,16.434,18.598,17.422,17.425,16.324,18.655,17.44,17.15,16.007,18.481,17.16,17.419,16.402,18.634,17.439,17.409,16.356,18.64,17.425,17.382,16.26,18.638,17.394
29,mlp.down_proj,27648,5120,12.08,1.324,16.917,16.099,18.175,17.063,16.991,15.942,18.287,17.121,16.616,15.469,18.031,16.726,17.027,16.201,18.267,17.179,17.062,16.253,18.295,17.219,17.102,16.046,18.395,17.239
30,self_attn.q_proj,5120,5120,23.82,1.53,19.001,16.201,20.209,19.165,18.895,14.727,20.521,18.941,16.361,11.947,18.443,16.37,19.001,16.408,20.145,19.175,18.883,16.521,19.964,19.065,19.226,15.152,20.746,19.278
30,self_attn.k_proj,5120,1024,23.82,1.805,20.654,15.364,22.009,20.791,19.926,13.418,21.641,19.959,16.976,10.666,19.102,16.982,20.643,16.058,21.81,20.841,20.081,16.421,21.142,20.343,20.833,14.525,22.379,20.893
30,self_attn.v_proj,5120,1024,23.82,1.116,15.502,15.911,16.528,15.67,16.508,15.763,17.724,16.566,16.675,15.316,17.96,16.695,16.574,15.894,17.776,16.633,16.821,15.626,18.162,16.841,16.849,15.533,18.121,16.869
30,self_attn.o_proj,5120,5120,7.32,1.222,15.76,16.299,16.927,15.799,15.831,15.8,17.083,15.857,14.685,14.595,16.103,14.703,15.919,16.392,17.063,15.958,15.984,16.431,17.132,16.023,15.962,15.879,17.185,15.988
30,mlp.gate_proj,5120,27648,7.8,1.419,19.208,16.272,20.437,19.233,18.876,15.846,20.257,18.889,17.661,14.621,19.474,17.669,19.218,16.355,20.423,19.251,19.174,16.403,20.366,19.218,19.107,16.096,20.402,19.123
30,mlp.up_proj,5120,27648,7.8,1.02,17.316,16.489,18.491,17.343,17.358,16.401,18.567,17.372,17.108,16.116,18.416,17.118,17.34,16.459,18.539,17.361,17.335,16.415,18.541,17.352,17.321,16.34,18.553,17.333
30,mlp.down_proj,27648,5120,10.58,1.276,16.91,16.139,18.163,17.058,16.997,15.998,18.288,17.131,16.698,15.572,18.085,16.813,17.012,16.229,18.249,17.165,17.053,16.275,18.276,17.21,17.109,16.088,18.375,17.247
31,self_attn.q_proj,5120,5120,21.59,1.61,18.821,16.139,20.065,18.974,18.571,14.708,20.223,18.613,16.124,12.057,18.242,16.132,18.886,16.398,20.063,19.052,18.75,16.539,19.881,18.928,19.006,15.196,20.507,19.057
31,self_attn.k_proj,5120,1024,21.59,1.849,20.52,15.311,21.769,20.651,19.647,13.498,21.42,19.679,16.808,10.764,18.929,16.813,20.623,16.108,21.859,20.815,20.027,16.492,21.063,20.283,20.673,14.666,22.245,20.729
31,self_attn.v_proj,5120,1024,21.59,1.082,15.853,16.345,16.914,16.025,16.884,16.333,18.023,16.945,17.208,16.09,18.427,17.23,16.908,16.312,18.094,16.962,17.157,16.054,18.37,17.176,17.29,16.139,18.5,17.31
31,self_attn.o_proj,5120,5120,6.31,1.168,16.562,16.395,17.761,16.594,16.582,15.958,17.786,16.605,15.559,14.873,16.946,15.576,16.692,16.485,17.831,16.726,16.74,16.527,17.875,16.773,16.713,16.05,17.911,16.738
31,mlp.gate_proj,5120,27648,9.44,1.439,19.501,16.278,20.728,19.532,19.138,15.776,20.539,19.151,17.704,14.33,19.611,17.711,19.503,16.368,20.709,19.543,19.432,16.418,20.614,19.487,19.409,16.065,20.708,19.426
31,mlp.up_proj,5120,27648,9.44,1.024,17.163,16.474,18.343,17.196,17.23,16.388,18.443,17.245,16.977,16.087,18.28,16.988,17.205,16.44,18.394,17.228,17.193,16.39,18.399,17.21,17.189,16.319,18.427,17.202
31,mlp.down_proj,27648,5120,28.18,1.361,17.124,16.175,18.354,17.304,17.36,15.982,18.655,17.503,16.631,15.083,18.206,16.738,17.207,16.253,18.417,17.395,17.213,16.288,18.421,17.406,17.466,16.066,18.737,17.613
32,self_attn.q_proj,5120,5120,23.62,1.515,18.789,15.531,20.115,18.923,18.763,13.781,20.415,18.802,16.341,11.028,18.336,16.349,18.763,15.741,20.003,18.909,18.58,15.857,19.801,18.737,19.067,14.18,20.639,19.113
32,self_attn.k_proj,5120,1024,23.62,1.696,20.231,14.769,21.477,20.346,19.754,12.848,21.347,19.783,17.11,10.301,19.039,17.115,20.157,15.481,21.415,20.306,19.669,15.909,20.825,19.856,20.438,13.827,21.95,20.486
32,self_attn.v_proj,5120,1024,23.62,1.119,15.897,16.296,17.017,16.063,17.247,15.865,18.563,17.307,16.859,14.631,18.405,16.877,16.983,16.185,18.236,17.072,17.385,15.758,18.779,17.429,17.368,15.323,18.835,17.398
32,self_attn.o_proj,5120,5120,8.31,1.394,16.552,15.836,17.78,16.598,16.705,15.165,18.02,16.73,15.251,13.615,16.843,15.265,16.792,16.046,17.941,16.841,16.837,16.195,18.027,16.888,16.911,15.379,18.201,16.938
32,mlp.gate_proj,5120,27648,11.72,1.461,20.846,16.254,22.086,20.896,20.463,15.631,21.914,20.48,18.441,13.601,20.574,18.447,20.774,16.327,21.988,20.842,20.586,16.354,21.798,20.679,20.765,15.97,22.094,20.788
32,mlp.up_proj,5120,27648,11.72,1.025,16.655,16.333,17.876,16.707,16.826,16.239,18.092,16.846,16.635,15.955,17.984,16.645,16.776,16.287,18.027,16.804,16.796,16.214,18.067,16.813,16.804,16.147,18.09,16.816
32,mlp.down_proj,27648,5120,30.05,1.307,17.141,16.165,18.353,17.381,17.604,15.932,18.911,17.779,16.791,14.821,18.437,16.908,17.239,16.239,18.438,17.484,17.264,16.266,18.461,17.513,17.709,16.004,19.01,17.888
33,self_attn.q_proj,5120,5120,20.9,1.579,18.976,15.979,20.223,19.127,18.959,14.528,20.589,19.001,16.737,12.026,18.781,16.746,19.059,16.159,20.26,19.207,19.044,16.236,20.228,19.195,19.287,14.874,20.812,19.333
33,self_attn.k_proj,5120,1024,20.9,1.566,20.435,15.647,21.617,20.577,20.251,14.156,21.804,20.289,17.692,11.59,19.711,17.699,20.462,16.066,21.669,20.632,20.184,16.261,21.302,20.375,20.738,14.794,22.295,20.787
33,self_attn.v_proj,5120,1024,20.9,1.287,16.886,16.142,18.158,17.042,17.882,15.537,19.239,17.935,17.113,14.23,18.72,17.127,17.698,16.104,18.914,17.793,17.981,15.915,19.32,18.036,17.99,15.279,19.353,18.019
33,self_attn.o_proj,5120,5120,13.58,1.491,15.812,15.955,17.007,15.863,15.985,15.341,17.315,16.012,14.565,13.797,16.073,14.58,16.108,16.2,17.243,16.161,16.187,16.342,17.324,16.245,16.274,15.592,17.575,16.305
33,mlp.gate_proj,5120,27648,10.51,1.452,19.972,16.288,21.212,20.011,19.632,15.756,21.049,19.647,17.937,14.043,19.938,17.943,19.922,16.356,21.152,19.974,19.803,16.382,21.008,19.873,19.879,16.045,21.215,19.899
33,mlp.up_proj,5120,27648,10.51,1.019,16.771,16.356,17.986,16.81,16.862,16.243,18.124,16.879,16.637,15.95,17.986,16.647,16.842,16.306,18.076,16.865,16.821,16.225,18.076,16.836,16.817,16.152,18.106,16.83
33,mlp.down_proj,27648,5120,8.71,1.315,17.241,16.3,18.503,17.441,17.443,16.127,18.769,17.609,17.055,15.474,18.51,17.184,17.331,16.365,18.592,17.536,17.373,16.386,18.609,17.58,17.545,16.193,18.859,17.715
34,self_attn.q_proj,5120,5120,24.87,1.64,18.9,16.012,20.155,19.075,19.264,14.515,20.866,19.315,16.965,11.819,19.032,16.974,19.096,16.163,20.321,19.264,19.098,16.219,20.295,19.261,19.519,14.792,21.07,19.57
34,self_attn.k_proj,5120,1024,24.87,1.621,20.648,15.553,21.921,20.805,20.714,13.829,22.359,20.757,17.812,10.936,19.948,17.819,20.635,16.018,21.784,20.835,20.204,16.249,21.411,20.434,21.237,14.497,22.765,21.297
34,self_attn.v_proj,5120,1024,24.87,1.115,16.522,16.047,17.662,16.71,17.667,15.436,19.008,17.73,16.983,14.046,18.656,17.0,17.338,15.92,18.513,17.452,17.721,15.592,19.012,17.787,17.737,14.994,19.177,17.772
34,self_attn.o_proj,5120,5120,12.23,1.773,15.915,15.963,17.12,15.965,16.253,15.177,17.555,16.278,14.702,13.457,16.253,14.715,16.197,16.181,17.393,16.25,16.303,16.286,17.494,16.359,16.534,15.361,17.756,16.561
34,mlp.gate_proj,5120,27648,11.44,1.429,19.811,16.215,21.052,19.85,19.447,15.637,20.895,19.462,17.742,13.91,19.762,17.748,19.743,16.281,20.987,19.795,19.636,16.309,20.841,19.706,19.687,15.913,21.041,19.707
34,mlp.up_proj,5120,27648,11.44,1.023,16.778,16.298,18.013,16.819,16.859,16.142,18.144,16.876,16.536,15.747,17.936,16.546,16.853,16.249,18.101,16.879,16.83,16.169,18.103,16.847,16.801,16.045,18.12,16.813
34,mlp.down_proj,27648,5120,12.64,1.468,17.135,16.21,18.354,17.314,17.309,16.022,18.595,17.457,16.841,15.376,18.311,16.956,17.256,16.291,18.465,17.439,17.3,16.32,18.501,17.485,17.421,16.102,18.701,17.571
35,self_attn.q_proj,5120,5120,24.44,1.651,18.081,15.458,19.426,18.23,18.24,13.851,19.943,18.282,16.017,11.264,18.063,16.026,18.233,15.699,19.508,18.384,18.178,15.836,19.445,18.33,18.581,14.248,20.194,18.626
35,self_attn.k_proj,5120,1024,24.44,1.475,20.083,15.501,21.264,20.236,20.086,13.825,21.689,20.127,17.471,11.006,19.593,17.478,20.007,15.847,21.117,20.188,19.679,16.026,20.832,19.885,20.511,14.378,21.993,20.566
35,self_attn.v_proj,5120,1024,24.44,1.094,16.619,16.41,17.681,16.808,18.09,15.99,19.336,18.159,17.622,14.763,19.158,17.642,17.63,16.283,18.838,17.741,18.019,15.93,19.382,18.078,18.143,15.518,19.545,18.178
35,self_attn.o_proj,5120,5120,11.17,1.548,16.427,15.952,17.678,16.488,16.685,15.252,18.004,16.713,14.898,13.37,16.606,14.912,16.717,16.176,17.889,16.78,16.743,16.279,17.921,16.81,16.933,15.458,18.234,16.962
35,mlp.gate_proj,5120,27648,12.96,1.472,19.668,16.182,20.927,19.71,19.266,15.552,20.753,19.281,17.479,13.749,19.546,17.485,19.64,16.275,20.857,19.697,19.49,16.319,20.709,19.57,19.563,15.889,20.938,19.584
35,mlp.up_proj,5120,27648,12.96,1.033,16.7,16.285,17.927,16.744,16.796,16.141,18.083,16.813,16.514,15.774,17.896,16.525,16.77,16.229,18.025,16.796,16.742,16.136,18.031,16.759,16.738,16.033,18.061,16.751
35,mlp.down_proj,27648,5120,10.45,1.326,16.989,16.042,18.233,17.159,17.131,15.84,18.449,17.267,16.561,15.108,18.095,16.665,17.129,16.141,18.352,17.303,17.182,16.182,18.391,17.36,17.276,15.945,18.591,17.416
36,self_attn.q_proj,5120,5120,25.52,1.644,18.121,15.442,19.438,18.277,18.274,13.742,19.932,18.317,16.037,11.148,18.075,16.046,18.252,15.685,19.552,18.407,18.245,15.822,19.487,18.403,18.634,14.141,20.181,18.681
36,self_attn.k_proj,5120,1024,25.52,1.566,19.413,14.906,20.996,19.544,19.618,13.221,21.341,19.655,17.164,10.68,19.058,17.171,19.517,15.352,20.835,19.688,19.088,15.615,20.414,19.289,20.172,13.834,21.756,20.224
36,self_attn.v_proj,5120,1024,25.52,1.227,16.967,16.133,18.077,17.156,18.148,15.49,19.511,18.21,17.509,14.042,19.118,17.526,17.994,16.143,19.167,18.119,18.325,15.858,19.644,18.4,18.462,15.221,19.919,18.499
36,self_attn.o_proj,5120,5120,14.89,1.516,15.208,15.996,16.433,15.26,15.423,15.346,16.804,15.449,13.831,13.719,15.464,13.846,15.545,16.215,16.732,15.594,15.637,16.284,16.777,15.687,15.717,15.582,17.041,15.744
36,mlp.gate_proj,5120,27648,13.76,1.5,19.459,16.212,20.719,19.504,19.02,15.524,20.522,19.036,17.141,13.622,19.255,17.147,19.417,16.306,20.649,19.48,19.265,16.346,20.477,19.351,19.342,15.879,20.714,19.365
36,mlp.up_proj,5120,27648,13.76,1.038,16.808,16.311,18.029,16.854,16.889,16.132,18.173,16.907,16.557,15.716,17.958,16.568,16.897,16.27,18.15,16.924,16.879,16.195,18.155,16.897,16.855,16.047,18.175,16.869
36,mlp.down_proj,27648,5120,12.47,1.338,17.056,16.004,18.34,17.203,16.991,15.632,18.445,17.107,16.103,14.616,17.862,16.189,17.195,16.111,18.454,17.347,17.226,16.154,18.482,17.382,17.186,15.772,18.6,17.307
37,self_attn.q_proj,5120,5120,26.53,1.58,18.654,16.062,19.874,18.844,18.915,14.568,20.514,18.966,16.627,11.962,18.683,16.636,18.849,16.236,20.024,19.03,18.876,16.315,20.028,19.054,19.24,14.897,20.728,19.292
37,self_attn.k_proj,5120,1024,26.53,1.547,20.137,15.742,21.423,20.313,20.296,14.145,21.91,20.344,17.68,11.343,19.673,17.688,20.132,16.1,21.375,20.339,19.945,16.278,20.986,20.191,20.785,14.696,22.305,20.845
37,self_attn.v_proj,5120,1024,26.53,1.142,17.647,16.338,18.687,17.859,18.583,15.683,19.905,18.649,17.747,14.276,19.365,17.763,18.364,16.296,19.533,18.488,18.553,16.047,19.829,18.62,18.642,15.405,20.077,18.677
37,self_attn.o_proj,5120,5120,8.04,1.441,15.742,16.347,16.948,15.783,15.88,15.886,17.17,15.903,14.716,14.519,16.188,14.729,15.934,16.457,17.099,15.975,15.985,16.493,17.13,16.026,16.102,15.969,17.286,16.127
37,mlp.gate_proj,5120,27648,13.43,1.516,19.577,16.191,20.843,19.619,19.135,15.489,20.629,19.151,17.287,13.617,19.366,17.293,19.538,16.287,20.772,19.596,19.385,16.327,20.604,19.467,19.46,15.848,20.835,19.481
37,mlp.up_proj,5120,27648,13.43,1.038,16.876,16.332,18.103,16.92,16.97,16.149,18.238,16.988,16.651,15.752,18.034,16.661,16.979,16.296,18.22,17.004,16.965,16.218,18.221,16.983,16.94,16.072,18.245,16.953
37,mlp.down_proj,27648,5120,10.59,1.442,17.056,16.067,18.314,17.199,17.154,15.91,18.463,17.276,16.721,15.386,18.225,16.821,17.22,16.166,18.442,17.369,17.263,16.206,18.494,17.416,17.295,16.015,18.602,17.419
38,self_attn.q_proj,5120,5120,28.86,1.594,18.338,16.14,19.532,18.532,18.577,14.66,20.187,18.63,16.225,11.925,18.34,16.234,18.53,16.31,19.667,18.719,18.507,16.377,19.628,18.692,18.913,14.993,20.428,18.968
38,self_attn.k_proj,5120,1024,28.86,1.799,20.03,15.174,21.352,20.186,19.683,13.187,21.448,19.72,16.811,10.282,18.885,16.818,20.089,15.896,21.284,20.321,19.478,16.27,20.584,19.774,20.676,14.296,22.196,20.742
38,self_attn.v_proj,5120,1024,28.86,1.178,16.097,15.595,17.104,16.287,17.08,15.229,18.305,17.141,16.892,14.45,18.308,16.908,17.092,15.605,18.285,17.166,17.245,15.35,18.574,17.274,17.426,15.059,18.787,17.449
38,self_attn.o_proj,5120,5120,7.51,1.347,15.329,16.134,16.548,15.366,15.613,15.728,16.881,15.637,14.531,14.489,16.011,14.545,15.628,16.288,16.797,15.665,15.755,16.344,16.908,15.792,15.777,15.788,17.03,15.801
38,mlp.gate_proj,5120,27648,13.46,1.507,19.455,16.156,20.719,19.499,19.052,15.489,20.546,19.068,17.199,13.622,19.288,17.205,19.419,16.252,20.633,19.48,19.271,16.296,20.459,19.355,19.369,15.855,20.734,19.391
38,mlp.up_proj,5120,27648,13.46,1.031,16.921,16.341,18.123,16.967,17.028,16.186,18.288,17.047,16.725,15.802,18.094,16.735,17.004,16.298,18.239,17.031,16.98,16.214,18.234,16.998,16.985,16.097,18.286,16.998
38,mlp.down_proj,27648,5120,16.52,1.628,16.719,15.958,18.283,16.845,16.807,15.813,18.32,16.912,16.456,15.284,17.976,16.546,16.912,16.064,18.425,17.046,17.055,16.12,18.473,17.199,17.005,15.913,18.523,17.112
39,self_attn.q_proj,5120,5120,23.21,1.6,17.984,15.914,19.207,18.143,17.932,14.499,19.621,17.976,15.653,11.94,17.771,15.662,18.078,16.141,19.269,18.239,18.036,16.271,19.18,18.205,18.322,14.91,19.885,18.371
39,self_attn.k_proj,5120,1024,23.21,1.777,19.942,15.399,21.214,20.084,19.405,13.431,21.075,19.439,16.36,10.483,18.523,16.367,19.874,16.05,21.046,20.089,19.186,16.361,20.328,19.472,20.248,14.542,21.862,20.311
39,self_attn.v_proj,5120,1024,23.21,1.132,16.727,16.207,17.835,16.907,17.523,15.795,18.785,17.582,17.23,15.0,18.645,17.247,17.473,16.092,18.693,17.54,17.384,15.656,18.772,17.41,17.662,15.515,19.041,17.684
39,self_attn.o_proj,5120,5120,8.5,1.548,15.342,15.994,16.639,15.375,15.532,15.433,16.826,15.553,14.41,14.153,15.965,14.423,15.785,16.279,16.99,15.82,15.903,16.386,17.096,15.942,15.944,15.717,17.236,15.967
39,mlp.gate_proj,5120,27648,15.59,1.554,19.651,15.937,20.961,19.701,19.212,15.174,20.763,19.228,17.168,13.109,19.365,17.173,19.584,16.042,20.847,19.655,19.379,16.087,20.614,19.48,19.57,15.588,20.975,19.594
39,mlp.up_proj,5120,27648,15.59,1.031,16.647,16.201,17.88,16.701,16.796,16.04,18.094,16.816,16.478,15.624,17.893,16.488,16.754,16.149,18.012,16.786,16.749,16.064,18.044,16.769,16.755,15.938,18.089,16.768
39,mlp.down_proj,27648,5120,37.98,1.341,16.697,15.871,18.044,16.859,16.921,15.68,18.411,17.037,16.336,14.94,18.001,16.421,16.794,15.954,18.151,16.965,16.816,15.992,18.112,16.996,17.085,15.76,18.496,17.206
40,self_attn.q_proj,5120,5120,25.42,1.535,17.948,15.623,19.217,18.106,18.207,14.282,19.753,18.252,16.14,11.851,18.165,16.149,18.073,15.717,19.31,18.22,18.068,15.736,19.277,18.212,18.406,14.476,19.926,18.452
40,self_attn.k_proj,5120,1024,25.42,1.743,19.374,14.665,20.713,19.5,19.156,12.902,20.725,19.189,16.552,10.346,18.604,16.559,19.32,15.296,20.527,19.5,18.772,15.682,19.943,19.007,19.783,13.82,21.335,19.838
40,self_attn.v_proj,5120,1024,25.42,1.092,16.563,16.115,17.604,16.753,17.563,15.68,18.821,17.627,17.064,14.547,18.575,17.082,17.275,15.96,18.48,17.37,17.403,15.536,18.694,17.449,17.552,15.229,18.951,17.581
40,self_attn.o_proj,5120,5120,6.46,1.472,16.271,16.1,17.439,16.31,16.456,15.532,17.791,16.479,15.182,14.143,16.704,15.195,16.481,16.261,17.679,16.52,16.55,16.332,17.705,16.592,16.707,15.679,17.946,16.731
40,mlp.gate_proj,5120,27648,14.33,1.507,19.431,16.165,20.699,19.474,19.045,15.538,20.533,19.06,17.252,13.725,19.374,17.258,19.36,16.232,20.61,19.42,19.186,16.254,20.419,19.271,19.324,15.853,20.695,19.346
40,mlp.up_proj,5120,27648,14.33,1.026,16.744,16.268,17.973,16.788,16.822,16.103,18.115,16.84,16.517,15.718,17.904,16.527,16.822,16.229,18.071,16.849,16.806,16.161,18.082,16.824,16.789,16.026,18.1,16.802
40,mlp.down_proj,27648,5120,24.85,1.571,17.109,16.193,18.482,17.252,17.252,16.057,18.553,17.37,16.872,15.656,18.298,16.968,17.239,16.272,18.61,17.388,17.349,16.301,18.633,17.505,17.328,16.129,18.693,17.451
41,self_attn.q_proj,5120,5120,26.95,1.57,17.802,15.851,19.062,17.971,18.2,14.483,19.766,18.251,16.066,11.939,18.064,16.076,18.069,16.002,19.29,18.228,18.06,16.038,19.295,18.209,18.449,14.721,19.998,18.498
41,self_attn.k_proj,5120,1024,26.95,1.662,19.769,15.08,21.109,19.91,19.458,13.175,21.252,19.495,16.58,10.323,18.71,16.586,19.6,15.62,20.801,19.796,18.928,15.914,20.123,19.175,20.184,14.053,21.75,20.244
41,self_attn.v_proj,5120,1024,26.95,1.719,15.269,14.804,16.496,15.42,16.381,14.501,17.84,16.432,16.264,13.692,17.889,16.28,16.576,15.2,17.881,16.652,17.264,15.269,18.567,17.303,17.011,14.628,18.51,17.036
41,self_attn.o_proj,5120,5120,9.37,1.413,15.967,16.116,17.135,16.013,15.97,15.442,17.189,15.993,14.307,13.909,16.137,14.321,16.245,16.297,17.424,16.293,16.359,16.36,17.397,16.408,16.295,15.597,17.532,16.322
41,mlp.gate_proj,5120,27648,13.98,1.526,19.296,16.268,20.542,19.338,18.926,15.67,20.373,18.942,17.19,13.917,19.245,17.197,19.245,16.343,20.461,19.304,19.098,16.375,20.296,19.182,19.204,15.989,20.536,19.226
41,mlp.up_proj,5120,27648,13.98,1.038,16.911,16.38,18.123,16.955,17.018,16.248,18.265,17.037,16.727,15.889,18.085,16.738,16.984,16.343,18.207,17.011,16.969,16.277,18.223,16.987,16.978,16.174,18.25,16.991
41,mlp.down_proj,27648,5120,15.79,1.686,17.092,16.252,18.394,17.23,16.98,16.059,18.455,17.098,16.484,15.586,18.099,16.583,17.277,16.368,18.521,17.422,17.339,16.415,18.58,17.488,17.211,16.188,18.597,17.335
42,self_attn.q_proj,5120,5120,24.84,1.496,17.49,15.593,18.769,17.646,17.902,14.458,19.474,17.95,15.994,12.16,17.985,16.003,17.74,15.72,18.989,17.883,17.892,15.787,19.097,18.031,18.11,14.623,19.631,18.155
42,self_attn.k_proj,5120,1024,24.84,1.522,19.534,15.493,20.74,19.688,19.386,13.888,21.074,19.427,16.96,11.279,18.963,16.968,19.502,15.783,20.511,19.693,19.185,15.949,20.327,19.409,19.805,14.373,21.315,19.861
42,self_attn.v_proj,5120,1024,24.84,1.165,17.821,16.36,18.837,18.014,18.638,15.735,19.922,18.701,17.855,14.434,19.446,17.872,18.446,16.273,19.577,18.557,18.621,15.978,19.857,18.681,18.617,15.407,20.053,18.651
42,self_attn.o_proj,5120,5120,10.57,1.402,15.196,16.147,16.384,15.247,15.338,15.525,16.766,15.364,13.811,13.871,15.477,13.824,15.446,16.334,16.591,15.498,15.544,16.418,16.67,15.597,15.644,15.692,16.959,15.672
42,mlp.gate_proj,5120,27648,13.86,1.532,19.027,16.052,20.303,19.066,18.653,15.447,20.141,18.668,17.013,13.786,19.04,17.019,19.0,16.145,20.24,19.055,18.88,16.195,20.114,18.958,18.934,15.763,20.307,18.954
42,mlp.up_proj,5120,27648,13.86,1.055,16.903,16.291,18.126,16.946,16.985,16.137,18.254,17.003,16.685,15.761,18.05,16.696,16.977,16.247,18.212,17.003,16.954,16.171,18.218,16.972,16.948,16.055,18.244,16.961
42,mlp.down_proj,27648,5120,22.58,1.443,16.853,16.033,18.15,16.979,16.912,15.889,18.254,17.025,16.616,15.541,18.05,16.716,17.037,16.167,18.299,17.17,17.12,16.231,18.359,17.258,17.083,16.02,18.408,17.199
43,self_attn.q_proj,5120,5120,22.8,1.502,18.044,15.956,19.296,18.197,18.184,14.633,19.801,18.229,16.076,12.159,18.13,16.085,18.271,16.112,19.479,18.419,18.338,16.189,19.52,18.486,18.473,14.891,20.004,18.52
43,self_attn.k_proj,5120,1024,22.8,1.495,19.622,15.471,20.855,19.761,19.484,13.938,21.165,19.522,16.952,11.333,19.075,16.96,19.478,15.711,20.757,19.643,19.173,15.841,20.349,19.374,19.826,14.397,21.421,19.877
43,self_attn.v_proj,5120,1024,22.8,1.151,17.063,15.91,18.215,17.22,17.864,15.387,19.173,17.917,17.265,14.282,18.813,17.28,17.738,15.85,18.944,17.823,17.83,15.583,19.117,17.872,17.957,15.114,19.339,17.985
43,self_attn.o_proj,5120,5120,9.76,1.321,15.896,16.299,17.035,15.94,16.193,15.895,17.456,16.218,15.138,14.618,16.554,15.153,16.159,16.461,17.302,16.202,16.291,16.521,17.379,16.334,16.361,15.981,17.599,16.387
43,mlp.gate_proj,5120,27648,14.54,1.55,18.898,15.837,20.202,18.941,18.509,15.186,20.036,18.525,16.83,13.484,18.888,16.836,18.875,15.942,20.145,18.934,18.744,16.004,20.006,18.826,18.79,15.506,20.211,18.812
43,mlp.up_proj,5120,27648,14.54,1.041,16.825,16.213,18.062,16.871,16.917,16.029,18.208,16.937,16.587,15.606,17.988,16.598,16.91,16.152,18.176,16.937,16.887,16.056,18.183,16.906,16.864,15.919,18.193,16.877
43,mlp.down_proj,27648,5120,11.13,1.497,16.705,15.811,18.021,16.832,16.77,15.659,18.115,16.886,16.416,15.267,17.901,16.516,16.911,15.951,18.201,17.044,16.999,16.019,18.278,17.135,16.956,15.791,18.274,17.077
44,self_attn.q_proj,5120,5120,22.34,1.565,18.131,16.036,19.399,18.284,18.04,14.52,19.688,18.084,15.622,11.809,17.711,15.631,18.242,16.247,19.397,18.402,18.157,16.359,19.288,18.327,18.391,14.925,19.92,18.441
44,self_attn.k_proj,5120,1024,22.34,1.743,19.79,15.368,21.227,19.919,19.099,13.289,20.916,19.131,16.142,10.351,18.289,16.148,19.696,15.939,20.87,19.895,19.013,16.235,20.08,19.279,20.008,14.355,21.576,20.07
44,self_attn.v_proj,5120,1024,22.34,1.128,16.5,15.974,17.622,16.663,17.246,15.555,18.53,17.303,16.913,14.689,18.336,16.929,17.186,15.822,18.426,17.254,17.142,15.429,18.478,17.17,17.306,15.211,18.689,17.329
44,self_attn.o_proj,5120,5120,12.68,2.113,16.086,15.772,17.345,16.123,16.236,15.284,17.539,16.258,15.127,14.029,16.56,15.139,16.527,16.118,17.678,16.571,16.564,16.234,17.66,16.61,16.711,15.634,17.911,16.736
44,mlp.gate_proj,5120,27648,16.31,1.502,19.074,15.721,20.41,19.123,18.647,14.98,20.22,18.663,16.845,13.14,18.982,16.85,19.026,15.836,20.336,19.092,18.903,15.911,20.176,18.993,18.929,15.313,20.406,18.952
44,mlp.up_proj,5120,27648,16.31,1.032,16.652,16.078,17.919,16.706,16.737,15.827,18.084,16.757,16.289,15.262,17.787,16.299,16.75,16.004,18.049,16.784,16.742,15.903,18.08,16.765,16.664,15.689,18.047,16.679
44,mlp.down_proj,27648,5120,46.45,1.336,16.601,15.673,17.939,16.747,16.748,15.426,18.221,16.86,16.124,14.685,17.73,16.215,16.753,15.784,18.087,16.909,16.787,15.83,18.124,16.948,16.896,15.516,18.336,17.016
45,self_attn.q_proj,5120,5120,25.8,1.555,17.483,15.681,18.756,17.643,17.74,14.381,19.335,17.787,15.62,11.894,17.662,15.63,17.67,15.834,18.933,17.819,17.732,15.909,18.998,17.875,17.983,14.602,19.547,18.029
45,self_attn.k_proj,5120,1024,25.8,1.746,19.163,14.334,20.497,19.282,18.77,12.519,20.323,18.8,16.147,10.035,18.085,16.153,18.961,15.058,20.273,19.132,18.292,15.559,19.481,18.523,19.452,13.563,21.046,19.506
45,self_attn.v_proj,5120,1024,25.8,1.171,15.899,15.937,16.991,16.077,16.979,15.607,18.315,17.042,16.805,14.755,18.308,16.824,16.94,15.917,18.164,17.026,17.293,15.633,18.624,17.333,17.253,15.304,18.646,17.28
45,self_attn.o_proj,5120,5120,8.47,1.565,16.619,16.03,17.835,16.659,17.172,15.709,18.409,17.196,16.167,14.429,17.599,16.182,17.013,16.272,18.211,17.053,17.185,16.342,18.373,17.225,17.323,15.763,18.572,17.347
45,mlp.gate_proj,5120,27648,17.33,1.52,19.544,15.871,20.851,19.6,19.093,15.068,20.647,19.111,17.045,12.989,19.219,17.051,19.486,15.998,20.763,19.566,19.289,16.077,20.551,19.397,19.424,15.461,20.855,19.45
45,mlp.up_proj,5120,27648,17.33,1.044,16.774,16.268,18.002,16.837,16.95,16.053,18.246,16.973,16.489,15.479,17.957,16.5,16.915,16.205,18.165,16.953,16.941,16.111,18.22,16.966,16.876,15.915,18.216,16.892
45,mlp.down_proj,27648,5120,23.41,1.452,16.983,15.835,18.306,17.131,17.053,15.566,18.475,17.178,16.419,14.867,17.984,16.519,17.133,15.942,18.45,17.289,17.195,15.984,18.51,17.356,17.183,15.652,18.591,17.312
46,self_attn.q_proj,5120,5120,23.59,1.467,17.837,16.054,19.063,18.013,18.089,14.783,19.695,18.141,15.888,12.197,17.947,15.898,18.088,16.236,19.284,18.255,18.168,16.314,19.329,18.332,18.379,15.029,19.896,18.431
46,self_attn.k_proj,5120,1024,23.59,1.91,20.243,15.024,21.557,20.38,19.214,12.7,21.063,19.245,16.217,9.946,18.314,16.224,19.981,15.768,21.139,20.202,18.996,16.169,20.048,19.299,20.197,13.978,21.835,20.263
46,self_attn.v_proj,5120,1024,23.59,1.237,15.487,15.441,16.553,15.658,16.42,15.238,17.701,16.479,16.346,14.53,17.822,16.363,16.468,15.495,17.652,16.542,16.813,15.278,18.163,16.843,16.729,14.987,18.092,16.753
46,self_attn.o_proj,5120,5120,8.74,1.299,17.31,16.095,18.473,17.35,17.621,15.61,18.895,17.646,16.506,14.313,17.893,16.52,17.536,16.249,18.699,17.574,17.626,16.295,18.782,17.664,17.816,15.708,19.002,17.84
46,mlp.gate_proj,5120,27648,18.41,1.493,19.686,15.944,20.965,19.75,19.234,15.102,20.788,19.253,17.057,12.889,19.252,17.063,19.573,16.06,20.832,19.662,19.358,16.131,20.608,19.476,19.547,15.494,20.98,19.575
46,mlp.up_proj,5120,27648,18.41,1.035,16.872,16.367,18.063,16.943,17.075,16.143,18.358,17.1,16.551,15.48,18.017,16.562,17.016,16.312,18.244,17.062,17.054,16.229,18.324,17.085,17.013,16.007,18.33,17.031
46,mlp.down_proj,27648,5120,71.17,1.275,16.868,15.939,18.145,17.064,17.148,15.64,18.538,17.292,16.574,14.906,18.108,16.685,16.976,16.024,18.234,17.181,16.992,16.058,18.257,17.205,17.245,15.701,18.631,17.393
47,self_attn.q_proj,5120,5120,22.43,1.515,17.73,16.036,18.967,17.898,17.92,14.785,19.517,17.969,15.676,12.212,17.79,15.686,18.076,16.292,19.247,18.24,18.147,16.417,19.313,18.312,18.323,15.132,19.821,18.374
47,self_attn.k_proj,5120,1024,22.43,1.973,20.051,15.087,21.378,20.188,18.882,12.741,20.792,18.912,15.938,9.912,18.008,15.944,19.923,15.913,21.156,20.141,19.056,16.354,20.175,19.359,19.999,14.097,21.584,20.061
47,self_attn.v_proj,5120,1024,22.43,1.122,15.734,16.186,16.821,15.919,16.86,15.996,18.09,16.925,16.787,15.309,18.231,16.808,16.867,16.201,18.049,16.944,17.236,16.033,18.5,17.27,17.209,15.81,18.563,17.235
47,self_attn.o_proj,5120,5120,5.51,1.377,17.904,16.359,19.015,17.934,17.96,15.942,19.174,17.981,16.989,14.914,18.377,17.003,18.056,16.48,19.205,18.085,18.136,16.521,19.274,18.165,18.054,16.058,19.33,18.074
47,mlp.gate_proj,5120,27648,21.88,1.496,19.976,15.937,21.247,20.057,19.512,14.965,21.09,19.534,17.079,12.484,19.379,17.084,19.83,16.054,21.075,19.94,19.531,16.124,20.754,19.678,19.863,15.393,21.296,19.896
47,mlp.up_proj,5120,27648,21.88,1.024,16.702,16.331,17.917,16.791,17.0,16.073,18.3,17.029,16.409,15.311,17.916,16.42,16.913,16.267,18.149,16.97,16.992,16.172,18.251,17.03,16.933,15.915,18.275,16.953
47,mlp.down_proj,27648,5120,39.44,1.399,16.554,16.035,17.823,16.758,16.796,15.717,18.166,16.956,15.986,14.704,17.613,16.104,16.664,16.102,17.923,16.876,16.696,16.123,17.949,16.913,16.877,15.754,18.226,17.042
48,self_attn.q_proj,5120,5120,22.58,1.436,17.081,16.095,18.322,17.234,17.581,14.864,19.166,17.63,15.446,12.137,17.481,15.457,17.599,16.277,18.792,17.751,17.793,16.331,18.971,17.948,17.983,15.059,19.488,18.033
48,self_attn.k_proj,5120,1024,22.58,1.841,19.452,15.081,20.819,19.576,18.53,12.745,20.401,18.559,15.617,9.935,17.741,15.623,19.171,15.697,20.354,19.358,18.291,16.008,19.33,18.544,19.392,13.873,20.98,19.45
48,self_attn.v_proj,5120,1024,22.58,1.701,14.735,14.512,16.045,14.85,14.994,13.496,16.509,15.03,14.214,12.263,15.742,14.226,15.866,15.117,17.197,15.93,16.183,15.336,17.503,16.23,15.843,14.045,17.347,15.866
48,self_attn.o_proj,5120,5120,9.79,1.329,17.048,16.434,18.2,17.093,17.276,15.973,18.51,17.304,16.071,14.675,17.537,16.09,17.296,16.575,18.419,17.34,17.39,16.622,18.526,17.433,17.415,16.048,18.634,17.443
48,mlp.gate_proj,5120,27648,22.0,1.495,19.999,16.078,21.273,20.079,19.582,15.171,21.139,19.605,17.184,12.716,19.478,17.19,19.843,16.179,21.072,19.952,19.577,16.239,20.78,19.723,19.894,15.572,21.329,19.927
48,mlp.up_proj,5120,27648,22.0,1.041,16.747,16.438,17.944,16.835,17.046,16.222,18.322,17.076,16.488,15.504,17.968,16.5,16.942,16.386,18.165,16.997,17.01,16.306,18.265,17.047,16.991,16.084,18.316,17.011
48,mlp.down_proj,27648,5120,43.72,1.319,16.847,16.186,18.058,17.055,17.058,15.93,18.376,17.228,16.44,15.146,17.968,16.573,16.946,16.247,18.16,17.161,16.987,16.262,18.203,17.205,17.119,15.96,18.447,17.293
49,self_attn.q_proj,5120,5120,24.47,1.536,17.158,16.028,18.403,17.323,17.563,14.835,19.123,17.614,15.342,12.21,17.412,15.352,17.578,16.242,18.731,17.733,17.715,16.333,18.863,17.872,17.927,15.103,19.39,17.978
49,self_attn.k_proj,5120,1024,24.47,1.889,19.854,15.164,21.281,19.989,18.73,12.709,20.614,18.761,15.633,9.852,17.806,15.639,19.617,15.966,20.855,19.835,18.649,16.382,19.808,18.952,19.777,14.07,21.317,19.839
49,self_attn.v_proj,5120,1024,24.47,1.288,15.418,16.09,16.442,15.599,16.288,15.71,17.582,16.35,16.033,14.879,17.449,16.051,16.533,16.262,17.724,16.615,16.83,16.102,18.107,16.866,16.833,15.694,18.125,16.861
49,self_attn.o_proj,5120,5120,7.77,1.371,17.615,16.462,18.743,17.656,17.816,16.103,18.998,17.844,16.898,15.028,18.232,16.915,17.86,16.607,18.979,17.902,17.92,16.652,19.051,17.962,17.96,16.204,19.166,17.986
49,mlp.gate_proj,5120,27648,24.3,1.437,20.178,15.953,21.456,20.27,19.785,14.932,21.366,19.81,17.227,12.309,19.558,17.233,19.99,16.057,21.243,20.111,19.699,16.12,20.925,19.858,20.103,15.342,21.555,20.138
49,mlp.up_proj,5120,27648,24.3,1.023,16.684,16.351,17.882,16.785,17.052,16.056,18.355,17.085,16.327,15.137,17.889,16.339,16.913,16.283,18.146,16.982,17.01,16.185,18.275,17.056,16.973,15.879,18.327,16.996
49,mlp.down_proj,27648,5120,24.96,1.27,16.626,16.0,17.881,16.845,16.783,15.586,18.195,16.962,15.932,14.527,17.567,16.062,16.727,16.044,17.996,16.952,16.77,16.045,18.039,16.999,16.813,15.588,18.243,16.995
50,self_attn.q_proj,5120,5120,27.48,1.548,16.615,16.011,17.841,16.781,17.265,14.852,18.85,17.317,15.112,12.125,17.152,15.122,17.214,16.273,18.402,17.373,17.445,16.367,18.633,17.608,17.723,15.113,19.213,17.776
50,self_attn.k_proj,5120,1024,27.48,1.869,19.544,15.353,20.914,19.688,18.448,12.78,20.257,18.48,15.303,9.716,17.417,15.308,19.122,16.053,20.402,19.34,18.189,16.415,19.213,18.486,19.377,14.095,21.022,19.441
50,self_attn.v_proj,5120,1024,27.48,1.574,14.9,15.358,16.054,15.05,15.68,14.68,17.044,15.731,15.17,13.601,16.645,15.185,16.182,15.857,17.407,16.262,16.473,15.975,17.767,16.52,16.497,15.112,17.923,16.526
50,self_attn.o_proj,5120,5120,8.33,1.802,18.972,16.37,20.122,19.012,19.219,15.888,20.492,19.243,18.042,14.582,19.473,18.06,19.21,16.521,20.352,19.247,19.315,16.575,20.459,19.351,19.375,15.977,20.621,19.399
50,mlp.gate_proj,5120,27648,28.82,1.439,20.951,16.092,22.18,21.067,20.56,14.927,22.144,20.588,17.648,11.932,20.099,17.653,20.711,16.192,21.894,20.865,20.293,16.243,21.486,20.489,20.926,15.407,22.366,20.967
50,mlp.up_proj,5120,27648,28.82,1.018,16.631,16.448,17.815,16.759,17.182,16.183,18.463,17.221,16.491,15.247,18.022,16.503,16.97,16.387,18.18,17.052,17.13,16.295,18.365,17.183,17.137,16.003,18.459,17.163
50,mlp.down_proj,27648,5120,23.75,1.23,16.527,16.082,17.786,16.799,16.817,15.536,18.302,17.018,15.571,13.948,17.38,15.696,16.616,16.115,17.874,16.895,16.635,16.11,17.899,16.915,16.826,15.527,18.333,17.028
51,self_attn.q_proj,5120,5120,33.03,1.449,17.232,16.099,18.423,17.415,18.017,14.816,19.588,18.073,15.91,12.036,17.929,15.922,17.653,16.189,18.833,17.817,17.892,16.185,19.048,18.048,18.285,14.884,19.791,18.338
51,self_attn.k_proj,5120,1024,33.03,1.684,19.489,15.452,20.732,19.65,19.108,13.305,20.826,19.147,16.351,10.414,18.308,16.358,19.076,15.839,20.321,19.279,18.451,16.053,19.633,18.707,19.707,14.092,21.262,19.77
51,self_attn.v_proj,5120,1024,33.03,1.484,14.904,15.198,16.179,15.06,15.638,14.136,17.152,15.687,14.73,12.505,16.428,14.742,16.053,15.527,17.271,16.146,16.557,15.623,17.868,16.619,16.244,14.35,17.775,16.274
51,self_attn.o_proj,5120,5120,6.95,1.558,17.27,16.173,18.463,17.306,17.372,15.726,18.671,17.396,16.454,14.726,17.868,16.472,17.512,16.309,18.68,17.547,17.596,16.374,18.761,17.632,17.586,15.879,18.844,17.611
51,mlp.gate_proj,5120,27648,30.19,1.417,21.145,16.184,22.377,21.267,20.816,15.039,22.387,20.845,17.907,12.016,20.345,17.913,20.883,16.268,22.097,21.042,20.49,16.311,21.697,20.691,21.164,15.485,22.586,21.207
51,mlp.up_proj,5120,27648,30.19,1.018,16.645,16.461,17.813,16.778,17.232,16.191,18.5,17.272,16.532,15.234,18.059,16.545,16.987,16.406,18.203,17.071,17.173,16.32,18.4,17.228,17.184,16.016,18.494,17.209
51,mlp.down_proj,27648,5120,47.95,1.418,16.479,16.133,17.714,16.771,16.881,15.631,18.271,17.106,15.762,14.159,17.506,15.907,16.564,16.157,17.793,16.862,16.57,16.141,17.819,16.872,16.879,15.607,18.282,17.104
52,self_attn.q_proj,5120,5120,30.73,1.533,16.554,16.182,17.803,16.724,17.339,14.866,18.924,17.393,15.05,11.885,17.142,15.06,17.215,16.383,18.39,17.378,17.474,16.434,18.615,17.638,17.79,15.072,19.274,17.843
52,self_attn.k_proj,5120,1024,30.73,2.05,19.109,15.07,20.558,19.241,18.277,12.493,20.128,18.306,15.25,9.46,17.336,15.255,18.892,15.855,20.135,19.103,17.986,16.295,19.097,18.291,19.424,13.855,20.978,19.491
52,self_attn.v_proj,5120,1024,30.73,1.777,14.259,14.473,15.673,14.38,14.537,13.105,16.112,14.574,13.551,11.577,15.122,13.561,15.775,15.317,17.081,15.844,16.102,15.759,17.361,16.169,15.833,14.053,17.31,15.861
52,self_attn.o_proj,5120,5120,8.59,1.55,18.157,16.173,19.365,18.195,18.511,15.674,19.764,18.535,17.406,14.495,18.805,17.424,18.623,16.473,19.793,18.66,18.791,16.558,19.951,18.825,18.811,15.899,20.041,18.836
52,mlp.gate_proj,5120,27648,29.69,1.402,21.032,16.294,22.246,21.157,20.688,15.16,22.246,20.719,17.749,12.11,20.187,17.754,20.749,16.375,21.957,20.907,20.397,16.418,21.547,20.595,21.035,15.598,22.455,21.078
52,mlp.up_proj,5120,27648,29.69,1.016,16.733,16.567,17.886,16.866,17.33,16.305,18.573,17.371,16.556,15.284,18.09,16.568,17.073,16.526,18.232,17.16,17.257,16.456,18.45,17.315,17.294,16.147,18.568,17.321
52,mlp.down_proj,27648,5120,19.74,1.275,16.521,16.182,17.858,16.797,16.634,15.649,18.254,16.84,15.281,14.101,17.235,15.409,16.588,16.2,17.948,16.867,16.586,16.183,17.979,16.864,16.599,15.616,18.241,16.803
53,self_attn.q_proj,5120,5120,29.4,1.71,16.616,16.137,17.866,16.763,17.468,14.817,19.096,17.519,15.282,11.825,17.338,15.293,17.414,16.377,18.589,17.565,17.741,16.444,18.893,17.901,18.08,15.072,19.591,18.132
53,self_attn.k_proj,5120,1024,29.4,1.961,19.079,15.317,20.493,19.201,18.334,12.665,20.2,18.364,15.346,9.599,17.41,15.352,18.984,15.997,20.166,19.186,18.05,16.294,19.213,18.331,19.382,13.983,21.031,19.443
53,self_attn.v_proj,5120,1024,29.4,1.852,15.056,14.668,16.429,15.167,14.744,12.715,16.333,14.775,13.133,10.717,14.78,13.142,16.253,15.628,17.575,16.33,16.071,16.058,17.316,16.172,16.146,13.942,17.645,16.179
53,self_attn.o_proj,5120,5120,10.44,1.252,17.394,16.303,18.518,17.438,17.523,15.824,18.724,17.553,16.474,14.639,17.752,16.496,17.548,16.391,18.67,17.589,17.588,16.435,18.708,17.627,17.583,15.858,18.792,17.613
53,mlp.gate_proj,5120,27648,29.47,1.39,21.296,16.449,22.47,21.424,21.01,15.335,22.528,21.041,17.989,12.204,20.438,17.995,21.041,16.513,22.184,21.204,20.648,16.544,21.824,20.848,21.334,15.757,22.717,21.379
53,mlp.up_proj,5120,27648,29.47,1.022,16.867,16.637,18.002,17.003,17.482,16.405,18.698,17.523,16.724,15.398,18.236,16.737,17.224,16.602,18.354,17.313,17.379,16.537,18.577,17.437,17.452,16.254,18.716,17.48
53,mlp.down_proj,27648,5120,21.14,1.313,16.389,16.263,17.918,16.65,16.368,15.717,18.205,16.56,15.032,14.186,17.037,15.151,16.464,16.277,18.004,16.727,16.476,16.258,18.04,16.74,16.292,15.679,18.208,16.479
54,self_attn.q_proj,5120,5120,28.54,1.499,16.458,16.218,17.735,16.619,17.305,15.045,18.904,17.359,15.255,12.255,17.29,15.266,17.157,16.408,18.322,17.312,17.507,16.457,18.691,17.662,17.789,15.214,19.227,17.841
54,self_attn.k_proj,5120,1024,28.54,1.858,19.286,15.165,20.632,19.416,18.462,12.71,20.235,18.494,15.533,9.828,17.587,15.539,18.848,15.782,20.167,19.037,17.943,16.085,19.125,18.2,19.254,13.833,20.835,19.312
54,self_attn.v_proj,5120,1024,28.54,1.897,15.341,14.86,16.692,15.465,15.339,13.239,16.854,15.376,13.875,11.388,15.589,13.884,16.398,15.651,17.689,16.483,16.368,15.933,17.73,16.444,16.354,14.143,17.861,16.385
54,self_attn.o_proj,5120,5120,7.53,1.383,16.945,16.573,18.123,16.983,17.136,16.341,18.314,17.166,16.378,15.502,17.757,16.401,17.162,16.669,18.296,17.199,17.242,16.696,18.366,17.28,17.256,16.401,18.425,17.287
54,mlp.gate_proj,5120,27648,29.33,1.376,21.429,16.554,22.586,21.564,21.151,15.426,22.655,21.184,18.006,12.177,20.491,18.012,21.148,16.616,22.292,21.317,20.767,16.645,21.889,20.974,21.495,15.876,22.851,21.541
54,mlp.up_proj,5120,27648,29.33,1.024,16.853,16.716,17.973,16.994,17.531,16.52,18.744,17.575,16.822,15.544,18.316,16.835,17.25,16.691,18.404,17.341,17.463,16.643,18.621,17.523,17.521,16.374,18.765,17.549
54,mlp.down_proj,27648,5120,16.4,1.351,16.817,16.458,18.077,17.126,17.092,15.91,18.689,17.318,15.67,14.009,17.636,15.804,16.845,16.482,18.144,17.154,16.864,16.475,18.174,17.177,17.08,15.895,18.699,17.304
55,self_attn.q_proj,5120,5120,26.94,1.781,16.781,15.954,18.065,16.929,17.126,14.536,18.793,17.173,14.923,11.756,16.9,14.933,17.098,16.112,18.304,17.242,17.15,16.142,18.342,17.294,17.414,14.731,19.0,17.461
55,self_attn.k_proj,5120,1024,26.94,1.838,19.255,15.353,20.662,19.382,18.411,12.936,20.245,18.441,15.524,10.052,17.592,15.53,18.966,15.942,20.192,19.157,18.222,16.244,19.255,18.49,19.233,14.057,20.83,19.293
55,self_attn.v_proj,5120,1024,26.94,1.592,15.047,15.103,16.338,15.177,15.244,13.773,16.729,15.284,14.061,12.129,15.733,14.072,16.139,15.655,17.439,16.212,16.397,15.864,17.709,16.459,16.12,14.374,17.55,16.147
55,self_attn.o_proj,5120,5120,7.85,1.654,17.003,16.433,18.148,17.047,17.085,15.903,18.321,17.114,15.901,14.692,17.343,15.921,17.233,16.589,18.386,17.274,17.27,16.646,18.409,17.312,17.335,16.099,18.525,17.363
55,mlp.gate_proj,5120,27648,27.6,1.356,21.233,16.564,22.379,21.359,20.988,15.52,22.467,21.02,17.967,12.395,20.383,17.973,20.997,16.617,22.116,21.155,20.659,16.641,21.768,20.851,21.321,15.933,22.644,21.366
55,mlp.up_proj,5120,27648,27.6,1.018,16.899,16.714,18.017,17.031,17.535,16.525,18.734,17.577,16.859,15.59,18.325,16.872,17.246,16.685,18.402,17.332,17.451,16.627,18.613,17.507,17.521,16.378,18.774,17.549
55,mlp.down_proj,27648,5120,44.67,1.48,16.739,16.48,18.161,17.03,17.006,15.928,18.705,17.21,15.448,13.985,17.522,15.566,16.729,16.499,18.22,17.017,16.659,16.486,18.253,16.939,16.949,15.902,18.657,17.15
56,self_attn.q_proj,5120,5120,27.61,1.633,16.24,16.089,17.487,16.384,16.76,14.456,18.433,16.807,14.475,11.427,16.51,14.485,16.872,16.342,18.046,17.03,17.079,16.446,18.184,17.254,17.45,14.869,18.985,17.503
56,self_attn.k_proj,5120,1024,27.61,2.058,18.796,14.977,20.229,18.911,17.815,12.277,19.723,17.844,14.994,9.504,17.083,15.0,18.508,15.729,19.728,18.691,17.524,16.057,18.724,17.789,18.863,13.579,20.438,18.919
56,self_attn.v_proj,5120,1024,27.61,1.821,15.151,14.731,16.495,15.264,14.821,12.642,16.366,14.855,13.076,10.444,14.721,13.085,16.343,15.69,17.609,16.426,16.253,16.149,17.448,16.37,16.178,13.858,17.643,16.212
56,self_attn.o_proj,5120,5120,11.43,1.384,18.289,16.575,19.465,18.328,18.424,15.873,19.709,18.451,16.92,14.201,18.382,16.936,18.46,16.664,19.629,18.496,18.505,16.684,19.654,18.542,18.56,15.95,19.774,18.586
56,mlp.gate_proj,5120,27648,24.73,1.341,21.256,16.582,22.397,21.372,20.993,15.606,22.46,21.024,18.084,12.599,20.421,18.091,21.026,16.633,22.172,21.168,20.748,16.656,21.846,20.922,21.317,16.0,22.629,21.359
56,mlp.up_proj,5120,27648,24.73,1.016,16.966,16.736,18.085,17.086,17.548,16.56,18.736,17.587,16.898,15.672,18.347,16.911,17.281,16.709,18.427,17.36,17.461,16.652,18.633,17.514,17.525,16.419,18.762,17.552
56,mlp.down_proj,27648,5120,38.6,1.371,17.104,16.548,18.468,17.42,17.379,15.952,19.195,17.584,15.395,13.625,17.773,15.497,17.061,16.571,18.536,17.372,16.981,16.564,18.548,17.286,17.233,15.932,19.092,17.431
57,self_attn.q_proj,5120,5120,19.82,1.69,16.371,16.077,17.665,16.485,16.711,14.773,18.262,16.753,14.653,12.197,16.611,14.663,16.927,16.337,18.149,17.049,17.139,16.426,18.285,17.271,17.213,15.104,18.688,17.256
57,self_attn.k_proj,5120,1024,19.82,2.04,18.516,15.192,19.932,18.609,17.587,13.044,19.355,17.613,15.03,10.396,17.081,15.037,18.426,15.83,19.705,18.574,17.754,16.141,18.836,17.972,18.554,14.13,20.113,18.602
57,self_attn.v_proj,5120,1024,19.82,1.86,15.621,15.124,16.972,15.713,15.145,13.232,16.69,15.175,13.323,11.048,15.04,13.332,16.672,15.985,17.937,16.75,16.508,16.409,17.697,16.616,16.537,14.517,18.021,16.573
57,self_attn.o_proj,5120,5120,10.55,1.562,17.879,16.572,19.096,17.924,18.172,16.018,19.419,18.203,16.741,14.51,18.226,16.76,18.174,16.707,19.291,18.219,18.236,16.745,19.398,18.28,18.298,16.122,19.526,18.327
57,mlp.gate_proj,5120,27648,20.04,1.325,20.94,16.625,22.09,21.032,20.63,15.756,22.058,20.658,17.997,13.03,20.189,18.004,20.765,16.675,21.893,20.879,20.528,16.699,21.637,20.668,20.916,16.112,22.22,20.953
57,mlp.up_proj,5120,27648,20.04,1.016,16.995,16.745,18.12,17.09,17.448,16.575,18.637,17.483,16.851,15.782,18.27,16.864,17.252,16.718,18.388,17.317,17.393,16.658,18.539,17.438,17.419,16.447,18.647,17.443
57,mlp.down_proj,27648,5120,27.16,1.335,17.118,16.62,18.345,17.442,17.636,16.054,19.252,17.855,15.887,13.796,18.022,16.0,17.147,16.651,18.409,17.475,17.137,16.649,18.424,17.466,17.604,16.055,19.256,17.823
58,self_attn.q_proj,5120,5120,29.38,1.596,15.688,16.072,16.961,15.835,16.579,14.515,18.241,16.63,14.611,11.612,16.626,14.622,16.544,16.259,17.779,16.699,16.875,16.279,18.099,17.04,17.319,14.798,18.847,17.372
58,self_attn.k_proj,5120,1024,29.38,2.174,18.756,15.186,20.053,18.878,17.972,12.463,19.852,18.004,15.251,9.603,17.218,15.257,18.538,15.904,19.663,18.735,17.516,16.255,18.629,17.787,18.952,13.692,20.54,19.01
58,self_attn.v_proj,5120,1024,29.38,2.024,15.95,14.666,17.345,16.061,15.334,12.123,16.973,15.365,13.218,9.678,14.923,13.225,16.992,15.893,18.254,17.094,16.284,16.34,17.487,16.422,16.99,13.795,18.546,17.03
58,self_attn.o_proj,5120,5120,14.11,1.623,16.988,16.522,18.246,17.03,17.321,15.979,18.628,17.347,16.191,14.684,17.693,16.209,17.42,16.678,18.575,17.458,17.529,16.731,18.715,17.568,17.589,16.094,18.781,17.616
58,mlp.gate_proj,5120,27648,16.06,1.324,20.582,16.558,21.759,20.657,20.302,15.778,21.711,20.328,17.941,13.337,20.041,17.948,20.445,16.606,21.625,20.536,20.275,16.632,21.434,20.387,20.536,16.081,21.87,20.569
58,mlp.up_proj,5120,27648,16.06,1.017,17.105,16.719,18.221,17.184,17.454,16.541,18.65,17.486,16.863,15.783,18.284,16.876,17.301,16.69,18.46,17.358,17.409,16.638,18.583,17.449,17.419,16.413,18.646,17.442
58,mlp.down_proj,27648,5120,27.1,1.451,16.896,16.577,18.104,17.193,17.299,16.071,18.782,17.517,15.836,14.14,17.659,15.96,16.911,16.618,18.168,17.205,16.909,16.618,18.195,17.206,17.255,16.068,18.788,17.47
59,self_attn.q_proj,5120,5120,26.09,1.776,16.35,15.799,17.67,16.479,16.547,13.877,18.274,16.589,14.32,10.95,16.378,14.33,16.789,16.048,18.056,16.926,16.803,16.029,18.048,16.951,17.093,14.248,18.705,17.139
59,self_attn.k_proj,5120,1024,26.09,2.266,18.532,14.729,19.944,18.635,17.755,12.18,19.603,17.781,15.249,9.613,17.168,15.255,18.507,15.544,19.79,18.682,17.591,15.897,18.693,17.852,18.833,13.447,20.417,18.887
59,self_attn.v_proj,5120,1024,26.09,1.783,15.672,14.655,16.978,15.78,15.154,12.484,16.713,15.184,13.276,10.274,14.972,13.284,16.603,15.585,17.843,16.695,16.374,16.047,17.489,16.507,16.493,13.746,18.014,16.532
59,self_attn.o_proj,5120,5120,21.06,1.428,17.435,16.599,18.603,17.492,17.528,15.888,18.805,17.558,16.288,14.549,17.7,16.307,17.72,16.759,18.838,17.765,17.767,16.795,18.889,17.811,17.741,16.076,18.987,17.769
59,mlp.gate_proj,5120,27648,14.34,1.325,20.646,16.514,21.843,20.718,20.334,15.734,21.761,20.36,18.044,13.356,20.125,18.052,20.533,16.562,21.697,20.62,20.36,16.589,21.529,20.464,20.566,16.023,21.908,20.599
59,mlp.up_proj,5120,27648,14.34,1.015,17.373,16.678,18.531,17.449,17.673,16.46,18.893,17.703,17.003,15.614,18.465,17.016,17.533,16.642,18.715,17.589,17.644,16.584,18.813,17.686,17.618,16.321,18.889,17.641
59,mlp.down_proj,27648,5120,33.66,1.39,16.691,16.543,18.012,17.007,16.965,15.991,18.708,17.176,15.299,13.862,17.328,15.409,16.737,16.594,18.069,17.055,16.638,16.597,18.097,16.946,16.893,15.984,18.639,17.1
60,self_attn.q_proj,5120,5120,25.7,1.796,16.759,15.845,18.069,16.892,16.821,13.97,18.557,16.862,14.442,11.02,16.523,14.452,17.256,16.217,18.455,17.41,17.213,16.324,18.352,17.386,17.621,14.627,19.169,17.671
60,self_attn.k_proj,5120,1024,25.7,2.454,18.974,14.503,20.398,19.07,17.806,11.753,19.699,17.831,14.958,9.102,17.004,14.963,19.006,15.648,20.179,19.186,17.825,16.177,19.052,18.099,19.021,13.379,20.777,19.075
60,self_attn.v_proj,5120,1024,25.7,1.924,15.387,14.193,16.694,15.489,14.624,12.058,16.25,14.651,12.816,9.991,14.518,12.823,16.745,15.401,17.968,16.833,16.745,15.98,17.857,16.888,16.249,13.576,17.723,16.284
60,self_attn.o_proj,5120,5120,9.5,1.394,19.023,16.461,20.225,19.056,19.174,15.818,20.424,19.196,17.905,14.536,19.323,17.922,19.307,16.651,20.459,19.339,19.309,16.698,20.5,19.34,19.294,16.018,20.612,19.319
60,mlp.gate_proj,5120,27648,14.27,1.332,20.828,16.495,22.025,20.906,20.581,15.669,22.014,20.608,18.19,13.188,20.297,18.197,20.726,16.551,21.902,20.819,20.583,16.584,21.727,20.692,20.795,15.956,22.146,20.829
60,mlp.up_proj,5120,27648,14.27,1.028,17.934,16.682,19.069,18.016,18.231,16.404,19.487,18.264,17.367,15.359,18.929,17.379,18.095,16.643,19.268,18.159,18.192,16.582,19.378,18.242,18.162,16.252,19.455,18.187
60,mlp.down_proj,27648,5120,94.57,1.436,17.958,16.517,19.166,18.249,18.307,15.903,19.901,18.462,16.635,13.599,18.675,16.715,18.061,16.572,19.369,18.316,18.103,16.568,19.371,18.36,18.142,15.874,19.887,18.297
61,self_attn.q_proj,5120,5120,23.61,1.796,16.499,15.908,17.787,16.623,16.869,14.204,18.539,16.912,14.697,11.332,16.782,14.708,17.264,16.227,18.449,17.406,17.407,16.314,18.599,17.568,17.663,14.723,19.229,17.711
61,self_attn.k_proj,5120,1024,23.61,2.436,18.38,14.647,19.883,18.471,17.524,12.063,19.305,17.55,14.888,9.45,16.848,14.894,18.543,15.643,19.895,18.712,17.581,16.079,18.585,17.849,18.874,13.546,20.42,18.928
61,self_attn.v_proj,5120,1024,23.61,2.058,15.757,13.888,17.172,15.84,15.129,11.657,16.658,15.154,13.213,9.689,14.762,13.22,16.847,15.24,18.118,16.938,16.455,16.005,17.593,16.606,16.652,13.33,18.135,16.692
61,self_attn.o_proj,5120,5120,10.73,1.446,20.093,16.44,21.416,20.121,20.834,15.681,22.062,20.852,19.397,14.122,20.739,19.411,20.809,16.668,21.998,20.838,20.985,16.74,22.16,21.016,21.144,15.91,22.394,21.165
61,mlp.gate_proj,5120,27648,13.07,1.301,21.417,16.401,22.636,21.495,21.279,15.672,22.707,21.306,19.094,13.371,21.158,19.101,21.357,16.451,22.554,21.444,21.252,16.485,22.434,21.349,21.445,15.869,22.81,21.477
61,mlp.up_proj,5120,27648,13.07,1.048,19.398,16.615,20.565,19.481,19.645,16.258,20.931,19.678,18.594,15.027,20.242,18.606,19.537,16.578,20.715,19.603,19.623,16.524,20.803,19.676,19.57,16.119,20.9,19.596
61,mlp.down_proj,27648,5120,147.0,1.74,16.78,16.332,17.93,17.113,16.725,15.572,19.516,16.868,13.545,12.753,15.939,13.603,17.161,16.388,18.438,17.49,17.369,16.369,18.675,17.688,16.437,15.463,19.227,16.573
62,self_attn.q_proj,5120,5120,29.04,1.791,17.173,15.903,18.49,17.307,17.524,13.96,19.24,17.567,15.211,10.949,17.343,15.22,17.716,16.107,18.958,17.855,17.804,16.042,18.998,17.958,18.086,14.329,19.719,18.131
62,self_attn.k_proj,5120,1024,29.04,2.312,19.115,14.835,20.702,19.221,18.443,12.177,20.337,18.47,15.675,9.546,17.8,15.681,19.284,15.604,20.52,19.462,18.48,15.91,19.69,18.749,19.495,13.387,21.159,19.547
62,self_attn.v_proj,5120,1024,29.04,2.112,15.813,13.733,17.164,15.905,15.059,11.445,16.589,15.085,13.276,9.542,14.71,13.283,17.099,15.189,18.251,17.194,16.993,15.964,18.001,17.16,16.631,13.078,18.138,16.667
62,self_attn.o_proj,5120,5120,12.42,1.398,22.628,16.312,23.831,22.655,23.222,15.948,24.451,23.241,22.694,15.177,24.039,22.708,23.18,16.461,24.394,23.201,23.406,16.482,24.522,23.43,23.584,16.101,24.727,23.602
62,mlp.gate_proj,5120,27648,15.41,1.236,21.954,16.332,23.204,22.056,22.192,15.692,23.575,22.227,20.081,13.396,22.132,20.09,22.01,16.372,23.241,22.111,22.034,16.394,23.254,22.141,22.269,15.762,23.643,22.304
62,mlp.up_proj,5120,27648,15.41,1.037,21.069,16.546,22.261,21.177,21.485,16.085,22.828,21.523,20.169,14.561,21.958,20.18,21.285,16.505,22.505,21.371,21.421,16.443,22.664,21.49,21.39,15.915,22.809,21.419
62,mlp.down_proj,27648,5120,155.2,1.648,18.04,16.024,19.351,18.403,19.822,15.071,22.539,19.942,11.223,11.857,15.362,11.236,19.368,16.088,20.877,19.649,20.043,16.019,21.869,20.293,17.932,14.741,22.204,18.006
63,self_attn.q_proj,5120,5120,28.49,1.401,16.444,16.516,17.582,16.583,17.714,15.301,19.262,17.771,15.811,12.266,17.908,15.825,17.66,16.599,18.775,17.806,18.201,16.593,19.326,18.357,18.492,15.367,19.997,18.545
63,self_attn.k_proj,5120,1024,28.49,2.068,18.086,15.654,19.45,18.202,17.577,12.952,19.348,17.609,14.717,9.787,16.804,14.723,18.003,16.205,19.209,18.161,17.364,16.442,18.556,17.59,18.444,14.05,19.962,18.5
63,self_attn.v_proj,5120,1024,28.49,2.545,16.304,13.25,17.795,16.373,15.228,10.584,17.004,15.247,13.077,8.62,14.776,13.083,17.465,15.36,18.731,17.565,16.264,16.432,17.46,16.418,17.334,12.941,18.939,17.374
63,self_attn.o_proj,5120,5120,12.51,1.589,26.546,16.102,27.811,26.572,27.517,15.7,28.947,27.535,27.156,14.906,28.418,27.167,27.479,16.429,28.747,27.502,27.791,16.582,28.909,27.82,28.112,16.014,29.206,28.128
63,mlp.gate_proj,5120,27648,32.68,1.442,23.436,16.522,24.534,23.675,24.765,15.925,26.101,24.838,22.483,13.148,24.701,22.494,24.003,16.57,25.169,24.193,24.305,16.567,25.458,24.478,24.976,15.942,26.328,25.031
63,mlp.up_proj,5120,27648,32.68,1.333,19.999,16.69,21.117,20.249,21.598,16.356,22.846,21.679,20.234,14.655,22.29,20.25,20.905,16.658,22.03,21.084,21.439,16.541,22.607,21.565,21.594,16.052,23.001,21.644
63,mlp.down_proj,27648,5120,575.18,1.902,19.959,15.524,21.253,20.391,22.537,14.048,25.761,22.64,17.933,9.549,19.613,17.949,21.891,15.69,23.465,22.27,23.561,15.726,24.943,23.934,23.209,13.569,25.726,23.29
