model,proj,layers,par,tp,M,N,K,tileM,mg_us,w8_us,mg_vs_w8
qwen38,qkv,16,col,1,1,14336,5120,16,50.19,71.07,0.706
qwen38,o,16,row,1,1,5120,6144,16,29.47,37.31,0.790
qwen38,gdn_in_qkvz,48,col,1,1,16384,5120,16,55.79,80.29,0.695
qwen38,gdn_out,48,row,1,1,5120,6144,16,29.76,37.51,0.793
qwen38,gate_up,64,col,1,1,34816,5120,16,99.89,157.12,0.636
qwen38,down,64,row,1,1,5120,17408,16,53.49,82.18,0.651
qwen38,qkv,16,col,2,1,7168,5120,16,32.04,40.74,0.786
qwen38,o,16,row,2,1,5120,3072,16,21.25,24.37,0.872
qwen38,gdn_in_qkvz,48,col,2,1,8192,5120,16,36.44,48.12,0.757
qwen38,gdn_out,48,row,2,1,5120,3072,16,20.78,24.96,0.833
qwen38,gate_up,64,col,2,1,17408,5120,16,56.77,82.25,0.690
qwen38,down,64,row,2,1,5120,8704,16,36.75,48.19,0.763
qwen38,qkv,16,col,4,1,3584,5120,16,22.75,28.19,0.807
qwen38,o,16,row,4,1,5120,1536,16,18.14,17.45,1.040
qwen38,gdn_in_qkvz,48,col,4,1,4096,5120,16,23.83,29.74,0.801
qwen38,gdn_out,48,row,4,1,5120,1536,16,18.12,16.58,1.093
qwen38,gate_up,64,col,4,1,8704,5120,16,37.29,49.03,0.761
qwen38,down,64,row,4,1,5120,4352,16,28.76,32.28,0.891
qwen38,qkv,16,col,1,2,14336,5120,16,50.11,70.95,0.706
qwen38,o,16,row,1,2,5120,6144,16,29.21,37.11,0.787
qwen38,gdn_in_qkvz,48,col,1,2,16384,5120,16,55.29,80.53,0.687
qwen38,gdn_out,48,row,1,2,5120,6144,16,29.87,37.22,0.803
qwen38,gate_up,64,col,1,2,34816,5120,16,99.55,157.52,0.632
qwen38,down,64,row,1,2,5120,17408,16,53.48,81.90,0.653
qwen38,qkv,16,col,2,2,7168,5120,16,31.62,40.87,0.774
qwen38,o,16,row,2,2,5120,3072,16,21.52,24.80,0.868
qwen38,gdn_in_qkvz,48,col,2,2,8192,5120,16,35.87,48.33,0.742
qwen38,gdn_out,48,row,2,2,5120,3072,16,21.67,24.86,0.872
qwen38,gate_up,64,col,2,2,17408,5120,16,56.79,82.56,0.688
qwen38,down,64,row,2,2,5120,8704,16,37.21,47.83,0.778
qwen38,qkv,16,col,4,2,3584,5120,16,23.39,28.73,0.814
qwen38,o,16,row,4,2,5120,1536,16,17.91,18.23,0.982
qwen38,gdn_in_qkvz,48,col,4,2,4096,5120,16,23.78,29.61,0.803
qwen38,gdn_out,48,row,4,2,5120,1536,16,18.45,18.42,1.002
qwen38,gate_up,64,col,4,2,8704,5120,16,37.50,48.88,0.767
qwen38,down,64,row,4,2,5120,4352,16,28.68,32.04,0.895
qwen38,qkv,16,col,1,4,14336,5120,16,50.00,70.87,0.706
qwen38,o,16,row,1,4,5120,6144,16,29.24,37.73,0.775
qwen38,gdn_in_qkvz,48,col,1,4,16384,5120,16,55.78,80.30,0.695
qwen38,gdn_out,48,row,1,4,5120,6144,16,28.72,37.30,0.770
qwen38,gate_up,64,col,1,4,34816,5120,16,99.32,157.41,0.631
qwen38,down,64,row,1,4,5120,17408,16,53.34,81.96,0.651
qwen38,qkv,16,col,2,4,7168,5120,16,31.42,40.69,0.772
qwen38,o,16,row,2,4,5120,3072,16,21.34,24.77,0.862
qwen38,gdn_in_qkvz,48,col,2,4,8192,5120,16,36.26,47.82,0.758
qwen38,gdn_out,48,row,2,4,5120,3072,16,21.61,24.58,0.879
qwen38,gate_up,64,col,2,4,17408,5120,16,56.52,82.46,0.685
qwen38,down,64,row,2,4,5120,8704,16,36.97,47.66,0.776
qwen38,qkv,16,col,4,4,3584,5120,16,23.55,28.83,0.817
qwen38,o,16,row,4,4,5120,1536,16,18.46,17.46,1.057
qwen38,gdn_in_qkvz,48,col,4,4,4096,5120,16,23.55,29.64,0.795
qwen38,gdn_out,48,row,4,4,5120,1536,16,18.66,17.56,1.063
qwen38,gate_up,64,col,4,4,8704,5120,16,36.87,49.36,0.747
qwen38,down,64,row,4,4,5120,4352,16,28.23,32.36,0.872
qwen38,qkv,16,col,1,8,14336,5120,16,49.93,70.65,0.707
qwen38,o,16,row,1,8,5120,6144,16,29.24,36.79,0.795
qwen38,gdn_in_qkvz,48,col,1,8,16384,5120,16,55.85,80.73,0.692
qwen38,gdn_out,48,row,1,8,5120,6144,16,29.83,37.34,0.799
qwen38,gate_up,64,col,1,8,34816,5120,16,99.50,157.23,0.633
qwen38,down,64,row,1,8,5120,17408,16,54.12,82.17,0.659
qwen38,qkv,16,col,2,8,7168,5120,16,31.56,40.81,0.773
qwen38,o,16,row,2,8,5120,3072,16,22.23,24.92,0.892
qwen38,gdn_in_qkvz,48,col,2,8,8192,5120,16,36.22,47.55,0.762
qwen38,gdn_out,48,row,2,8,5120,3072,16,21.48,24.81,0.866
qwen38,gate_up,64,col,2,8,17408,5120,16,56.82,82.41,0.689
qwen38,down,64,row,2,8,5120,8704,16,37.01,48.42,0.764
qwen38,qkv,16,col,4,8,3584,5120,16,23.00,28.91,0.796
qwen38,o,16,row,4,8,5120,1536,16,19.35,18.13,1.067
qwen38,gdn_in_qkvz,48,col,4,8,4096,5120,16,23.26,29.22,0.796
qwen38,gdn_out,48,row,4,8,5120,1536,16,18.07,17.32,1.043
qwen38,gate_up,64,col,4,8,8704,5120,16,37.24,49.05,0.759
qwen38,down,64,row,4,8,5120,4352,16,28.57,32.29,0.885
qwen38,qkv,16,col,1,16,14336,5120,16,49.87,71.11,0.701
qwen38,o,16,row,1,16,5120,6144,16,29.21,37.13,0.787
qwen38,gdn_in_qkvz,48,col,1,16,16384,5120,16,55.85,81.07,0.689
qwen38,gdn_out,48,row,1,16,5120,6144,16,30.05,37.27,0.806
qwen38,gate_up,64,col,1,16,34816,5120,16,99.59,158.51,0.628
qwen38,down,64,row,1,16,5120,17408,16,53.99,81.91,0.659
qwen38,qkv,16,col,2,16,7168,5120,16,32.07,40.67,0.789
qwen38,o,16,row,2,16,5120,3072,16,21.31,24.55,0.868
qwen38,gdn_in_qkvz,48,col,2,16,8192,5120,16,35.92,47.80,0.751
qwen38,gdn_out,48,row,2,16,5120,3072,16,21.82,24.64,0.886
qwen38,gate_up,64,col,2,16,17408,5120,16,57.01,82.47,0.691
qwen38,down,64,row,2,16,5120,8704,16,37.20,48.27,0.771
qwen38,qkv,16,col,4,16,3584,5120,16,23.26,28.41,0.819
qwen38,o,16,row,4,16,5120,1536,16,18.48,17.94,1.030
qwen38,gdn_in_qkvz,48,col,4,16,4096,5120,16,23.46,29.64,0.791
qwen38,gdn_out,48,row,4,16,5120,1536,16,17.59,18.37,0.958
qwen38,gate_up,64,col,4,16,8704,5120,16,36.97,49.48,0.747
qwen38,down,64,row,4,16,5120,4352,16,27.61,31.57,0.875
qwen38,qkv,16,col,1,64,14336,5120,64,65.27,79.45,0.822
qwen38,o,16,row,1,64,5120,6144,64,36.21,41.06,0.882
qwen38,gdn_in_qkvz,48,col,1,64,16384,5120,64,73.21,90.64,0.808
qwen38,gdn_out,48,row,1,64,5120,6144,64,35.84,42.41,0.845
qwen38,gate_up,64,col,1,64,34816,5120,64,136.23,178.51,0.763
qwen38,down,64,row,1,64,5120,17408,64,73.75,93.08,0.792
qwen38,qkv,16,col,2,64,7168,5120,64,41.10,46.63,0.881
qwen38,o,16,row,2,64,5120,3072,64,26.43,26.59,0.994
qwen38,gdn_in_qkvz,48,col,2,64,8192,5120,64,46.06,54.26,0.849
qwen38,gdn_out,48,row,2,64,5120,3072,64,27.18,27.32,0.995
qwen38,gate_up,64,col,2,64,17408,5120,64,75.12,92.66,0.811
qwen38,down,64,row,2,64,5120,8704,64,48.20,53.24,0.905
qwen38,qkv,16,col,4,64,3584,5120,64,28.26,32.88,0.859
qwen38,o,16,row,4,64,5120,1536,64,21.94,19.56,1.122
qwen38,gdn_in_qkvz,48,col,4,64,4096,5120,64,29.63,33.77,0.877
qwen38,gdn_out,48,row,4,64,5120,1536,64,22.44,19.05,1.178
qwen38,gate_up,64,col,4,64,8704,5120,64,47.03,55.74,0.844
qwen38,down,64,row,4,64,5120,4352,64,35.42,36.07,0.982
qwq32b,qkv,64,col,1,1,7680,5120,16,33.10,42.64,0.776
qwq32b,o,64,row,1,1,5120,5120,16,27.11,32.49,0.834
qwq32b,gate_up,64,col,1,1,55296,5120,16,150.41,249.19,0.604
qwq32b,down,64,row,1,1,5120,27648,16,77.62,124.46,0.624
qwq32b,qkv,64,col,2,1,3840,5120,16,23.42,28.91,0.810
qwq32b,o,64,row,2,1,5120,2560,16,21.80,22.05,0.989
qwq32b,gate_up,64,col,2,1,27648,5120,16,81.50,125.03,0.652
qwq32b,down,64,row,2,1,5120,13824,16,51.13,68.44,0.747
qwq32b,qkv,64,col,4,1,1920,5120,16,16.42,18.67,0.879
qwq32b,o,64,row,4,1,5120,1280,16,19.63,16.69,1.176
qwq32b,gate_up,64,col,4,1,13824,5120,16,49.81,70.00,0.712
qwq32b,down,64,row,4,1,5120,6912,16,35.97,42.14,0.854
qwq32b,qkv,64,col,1,2,7680,5120,16,33.18,42.30,0.784
qwq32b,o,64,row,1,2,5120,5120,16,27.09,32.81,0.826
qwq32b,gate_up,64,col,1,2,55296,5120,16,150.08,246.99,0.608
qwq32b,down,64,row,1,2,5120,27648,16,77.88,124.87,0.624
qwq32b,qkv,64,col,2,2,3840,5120,16,23.57,29.09,0.810
qwq32b,o,64,row,2,2,5120,2560,16,21.41,22.15,0.967
qwq32b,gate_up,64,col,2,2,27648,5120,16,81.42,125.18,0.650
qwq32b,down,64,row,2,2,5120,13824,16,51.19,67.87,0.754
qwq32b,qkv,64,col,4,2,1920,5120,16,15.94,19.01,0.839
qwq32b,o,64,row,4,2,5120,1280,16,19.23,16.85,1.141
qwq32b,gate_up,64,col,4,2,13824,5120,16,49.61,69.71,0.712
qwq32b,down,64,row,4,2,5120,6912,16,36.23,41.87,0.865
qwq32b,qkv,64,col,1,4,7680,5120,16,32.79,42.91,0.764
qwq32b,o,64,row,1,4,5120,5120,16,27.00,32.35,0.835
qwq32b,gate_up,64,col,1,4,55296,5120,16,150.20,247.07,0.608
qwq32b,down,64,row,1,4,5120,27648,16,77.53,124.07,0.625
qwq32b,qkv,64,col,2,4,3840,5120,16,23.04,28.83,0.799
qwq32b,o,64,row,2,4,5120,2560,16,21.48,21.70,0.990
qwq32b,gate_up,64,col,2,4,27648,5120,16,81.59,124.89,0.653
qwq32b,down,64,row,2,4,5120,13824,16,51.35,67.49,0.761
qwq32b,qkv,64,col,4,4,1920,5120,16,16.51,18.78,0.879
qwq32b,o,64,row,4,4,5120,1280,16,19.34,16.64,1.162
qwq32b,gate_up,64,col,4,4,13824,5120,16,50.25,70.15,0.716
qwq32b,down,64,row,4,4,5120,6912,16,36.53,42.32,0.863
qwq32b,qkv,64,col,1,8,7680,5120,16,32.72,42.39,0.772
qwq32b,o,64,row,1,8,5120,5120,16,26.60,32.54,0.817
qwq32b,gate_up,64,col,1,8,55296,5120,16,150.34,247.06,0.609
qwq32b,down,64,row,1,8,5120,27648,16,77.24,123.63,0.625
qwq32b,qkv,64,col,2,8,3840,5120,16,23.09,28.86,0.800
qwq32b,o,64,row,2,8,5120,2560,16,22.79,21.95,1.038
qwq32b,gate_up,64,col,2,8,27648,5120,16,81.22,125.07,0.649
qwq32b,down,64,row,2,8,5120,13824,16,50.64,68.32,0.741
qwq32b,qkv,64,col,4,8,1920,5120,16,16.39,18.86,0.869
qwq32b,o,64,row,4,8,5120,1280,16,19.59,17.75,1.104
qwq32b,gate_up,64,col,4,8,13824,5120,16,50.17,69.63,0.721
qwq32b,down,64,row,4,8,5120,6912,16,36.10,43.12,0.837
qwq32b,qkv,64,col,1,16,7680,5120,16,33.24,42.27,0.786
qwq32b,o,64,row,1,16,5120,5120,16,26.89,32.26,0.834
qwq32b,gate_up,64,col,1,16,55296,5120,16,149.91,245.85,0.610
qwq32b,down,64,row,1,16,5120,27648,16,78.07,124.75,0.626
qwq32b,qkv,64,col,2,16,3840,5120,16,22.98,29.09,0.790
qwq32b,o,64,row,2,16,5120,2560,16,21.60,21.91,0.986
qwq32b,gate_up,64,col,2,16,27648,5120,16,81.41,125.62,0.648
qwq32b,down,64,row,2,16,5120,13824,16,50.67,68.06,0.744
qwq32b,qkv,64,col,4,16,1920,5120,16,16.58,18.60,0.891
qwq32b,o,64,row,4,16,5120,1280,16,18.19,16.71,1.089
qwq32b,gate_up,64,col,4,16,13824,5120,16,49.82,69.84,0.713
qwq32b,down,64,row,4,16,5120,6912,16,35.72,43.16,0.828
qwq32b,qkv,64,col,1,64,7680,5120,64,41.73,48.07,0.868
qwq32b,o,64,row,1,64,5120,5120,64,33.05,36.90,0.896
qwq32b,gate_up,64,col,1,64,55296,5120,64,207.23,286.25,0.724
qwq32b,down,64,row,1,64,5120,27648,64,109.60,144.50,0.758
qwq32b,qkv,64,col,2,64,3840,5120,64,29.36,33.37,0.880
qwq32b,o,64,row,2,64,5120,2560,64,27.09,24.18,1.120
qwq32b,gate_up,64,col,2,64,27648,5120,64,110.08,142.15,0.774
qwq32b,down,64,row,2,64,5120,13824,64,66.83,78.03,0.856
qwq32b,qkv,64,col,4,64,1920,5120,64,19.31,21.01,0.919
qwq32b,o,64,row,4,64,5120,1280,64,23.95,18.85,1.271
qwq32b,gate_up,64,col,4,64,13824,5120,64,64.51,78.23,0.825
qwq32b,down,64,row,4,64,5120,6912,64,46.67,48.23,0.968
