arm,layers,tp,pp,graph,cudagraph_mode,batch,prompt_len,out_len,total_s,gen_tok,step_us,per_layer_us,throughput_tok_s
bf16,8,1,1,aclgraph,FULL_DECODE_ONLY,1,128,64,0.8074,64,12615.62,1576.953,79.27
bf16,8,1,1,aclgraph,FULL_DECODE_ONLY,16,128,64,1.0033,1024,15676.17,1959.522,1020.66
bf16,8,1,1,aclgraph,FULL_DECODE_ONLY,64,128,64,1.3886,4096,21697.19,2712.148,2949.69
bf16,8,1,1,aclgraph,FULL_DECODE_ONLY,128,128,64,1.7374,8192,27147.14,3393.392,4715.05
bf16,16,1,1,aclgraph,FULL_DECODE_ONLY,1,128,64,1.3560,64,21187.16,1324.197,47.20
bf16,16,1,1,aclgraph,FULL_DECODE_ONLY,16,128,64,1.6767,1024,26199.07,1637.442,610.71
bf16,16,1,1,aclgraph,FULL_DECODE_ONLY,64,128,64,2.2053,4096,34457.81,2153.613,1857.34
bf16,16,1,1,aclgraph,FULL_DECODE_ONLY,128,128,64,2.6025,8192,40664.01,2541.501,3147.75
w8a8,8,1,1,aclgraph,FULL_DECODE_ONLY,1,128,64,0.5241,64,8188.41,1023.552,122.12
w8a8,8,1,1,aclgraph,FULL_DECODE_ONLY,16,128,64,0.6541,1024,10219.99,1277.499,1565.56
w8a8,8,1,1,aclgraph,FULL_DECODE_ONLY,64,128,64,1.0000,4096,15624.88,1953.110,4096.03
w8a8,8,1,1,aclgraph,FULL_DECODE_ONLY,128,128,64,1.3689,8192,21389.72,2673.714,5984.18
w8a8,16,1,1,aclgraph,FULL_DECODE_ONLY,1,128,64,0.7767,64,12136.41,758.526,82.40
w8a8,16,1,1,aclgraph,FULL_DECODE_ONLY,16,128,64,0.9852,1024,15393.70,962.106,1039.39
w8a8,16,1,1,aclgraph,FULL_DECODE_ONLY,64,128,64,1.4536,4096,22712.99,1419.562,2817.77
w8a8,16,1,1,aclgraph,FULL_DECODE_ONLY,128,128,64,1.8535,8192,28961.61,1810.101,4419.64
w4a8,8,1,1,aclgraph,FULL_DECODE_ONLY,1,128,64,0.4723,64,7379.89,922.486,135.50
w4a8,8,1,1,aclgraph,FULL_DECODE_ONLY,16,128,64,0.6282,1024,9815.91,1226.989,1630.01
w4a8,8,1,1,aclgraph,FULL_DECODE_ONLY,64,128,64,0.9577,4096,14963.76,1870.470,4277.00
w4a8,8,1,1,aclgraph,FULL_DECODE_ONLY,128,128,64,1.3878,8192,21684.15,2710.519,5902.93
w4a8,16,1,1,aclgraph,FULL_DECODE_ONLY,1,128,64,0.6762,64,10565.56,660.348,94.65
w4a8,16,1,1,aclgraph,FULL_DECODE_ONLY,16,128,64,0.8709,1024,13608.48,850.530,1175.74
w4a8,16,1,1,aclgraph,FULL_DECODE_ONLY,64,128,64,1.3228,4096,20668.92,1291.808,3096.44
w4a8,16,1,1,aclgraph,FULL_DECODE_ONLY,128,128,64,1.9429,8192,30358.40,1897.400,4216.30
bf16,16,1,2,aclgraph,FULL_DECODE_ONLY,1,128,64,1.4243,64,22254.84,1390.927,44.93
bf16,16,1,2,aclgraph,FULL_DECODE_ONLY,16,128,64,1.7830,1024,27859.89,1741.243,574.30
bf16,16,1,2,aclgraph,FULL_DECODE_ONLY,64,128,64,2.5318,4096,39560.13,2472.508,1617.79
bf16,16,1,2,aclgraph,FULL_DECODE_ONLY,128,128,64,3.2405,8192,50632.98,3164.561,2528.00
bf16,32,1,2,aclgraph,FULL_DECODE_ONLY,1,128,64,2.5344,64,39599.34,1237.479,25.25
bf16,32,1,2,aclgraph,FULL_DECODE_ONLY,16,128,64,3.1337,1024,48963.84,1530.120,326.77
bf16,32,1,2,aclgraph,FULL_DECODE_ONLY,64,128,64,4.2017,4096,65651.93,2051.623,974.84
bf16,32,1,2,aclgraph,FULL_DECODE_ONLY,128,128,64,4.9293,8192,77020.53,2406.891,1661.89
w8a8,16,1,2,aclgraph,FULL_DECODE_ONLY,1,128,64,0.8862,64,13846.33,865.396,72.22
w8a8,16,1,2,aclgraph,FULL_DECODE_ONLY,16,128,64,1.1412,1024,17831.97,1114.498,897.27
w8a8,16,1,2,aclgraph,FULL_DECODE_ONLY,64,128,64,1.8426,4096,28790.38,1799.399,2222.96
w8a8,16,1,2,aclgraph,FULL_DECODE_ONLY,128,128,64,2.6592,8192,41549.92,2596.870,3080.63
w8a8,32,1,2,aclgraph,FULL_DECODE_ONLY,1,128,64,1.4013,64,21895.77,684.243,45.67
w8a8,32,1,2,aclgraph,FULL_DECODE_ONLY,16,128,64,1.7430,1024,27234.40,851.075,587.49
w8a8,32,1,2,aclgraph,FULL_DECODE_ONLY,64,128,64,2.6744,4096,41786.77,1305.837,1531.59
w8a8,32,1,2,aclgraph,FULL_DECODE_ONLY,128,128,64,3.4385,8192,53726.29,1678.946,2382.45
w4a8,16,1,2,aclgraph,FULL_DECODE_ONLY,1,128,64,0.9106,64,14227.96,889.248,70.28
w4a8,16,1,2,aclgraph,FULL_DECODE_ONLY,16,128,64,1.2135,1024,18961.26,1185.079,843.83
w4a8,16,1,2,aclgraph,FULL_DECODE_ONLY,64,128,64,1.8601,4096,29064.37,1816.523,2202.01
w4a8,16,1,2,aclgraph,FULL_DECODE_ONLY,128,128,64,2.7806,8192,43446.72,2715.420,2946.14
w4a8,32,1,2,aclgraph,FULL_DECODE_ONLY,1,128,64,1.2470,64,19484.11,608.879,51.32
w4a8,32,1,2,aclgraph,FULL_DECODE_ONLY,16,128,64,1.6184,1024,25286.74,790.211,632.74
w4a8,32,1,2,aclgraph,FULL_DECODE_ONLY,64,128,64,2.5473,4096,39802.19,1243.818,1607.95
w4a8,32,1,2,aclgraph,FULL_DECODE_ONLY,128,128,64,3.6401,8192,56876.47,1777.390,2250.49
bf16,32,1,4,aclgraph,FULL_DECODE_ONLY,1,128,64,2.5420,64,39717.97,1241.187,25.18
bf16,32,1,4,aclgraph,FULL_DECODE_ONLY,16,128,64,3.1655,1024,49461.63,1545.676,323.48
bf16,32,1,4,aclgraph,FULL_DECODE_ONLY,64,128,64,4.2462,4096,66347.51,2073.360,964.62
bf16,32,1,4,aclgraph,FULL_DECODE_ONLY,128,128,64,4.9734,8192,77709.96,2428.436,1647.15
bf16,64,1,4,aclgraph,FULL_DECODE_ONLY,1,128,64,4.8285,64,75444.90,1178.827,13.25
bf16,64,1,4,aclgraph,FULL_DECODE_ONLY,16,128,64,5.8768,1024,91825.71,1434.777,174.24
bf16,64,1,4,aclgraph,FULL_DECODE_ONLY,64,128,64,7.5246,4096,117571.96,1837.062,544.35
bf16,64,1,4,aclgraph,FULL_DECODE_ONLY,128,128,64,8.4195,8192,131554.62,2055.541,972.98
w8a8,32,1,4,aclgraph,FULL_DECODE_ONLY,1,128,64,1.7367,64,27135.89,847.997,36.85
w8a8,32,1,4,aclgraph,FULL_DECODE_ONLY,16,128,64,2.0225,1024,31601.83,987.557,506.30
w8a8,32,1,4,aclgraph,FULL_DECODE_ONLY,64,128,64,2.9921,4096,46751.46,1460.983,1368.94
w8a8,32,1,4,aclgraph,FULL_DECODE_ONLY,128,128,64,4.2206,8192,65947.29,2060.853,1940.94
w8a8,64,1,4,aclgraph,FULL_DECODE_ONLY,1,128,64,2.5657,64,40088.45,626.382,24.94
w8a8,64,1,4,aclgraph,FULL_DECODE_ONLY,16,128,64,3.1141,1024,48658.25,760.285,328.82
w8a8,64,1,4,aclgraph,FULL_DECODE_ONLY,64,128,64,4.4795,4096,69992.24,1093.629,914.39
w8a8,64,1,4,aclgraph,FULL_DECODE_ONLY,128,128,64,5.5809,8192,87201.87,1362.529,1467.86
w4a8,32,1,4,aclgraph,FULL_DECODE_ONLY,1,128,64,1.8337,64,28651.99,895.375,34.90
w4a8,32,1,4,aclgraph,FULL_DECODE_ONLY,16,128,64,2.2471,1024,35110.58,1097.206,455.70
w4a8,32,1,4,aclgraph,FULL_DECODE_ONLY,64,128,64,3.1816,4096,49712.66,1553.521,1287.40
w4a8,32,1,4,aclgraph,FULL_DECODE_ONLY,128,128,64,4.4883,8192,70128.92,2191.529,1825.21
w4a8,64,1,4,aclgraph,FULL_DECODE_ONLY,1,128,64,2.3191,64,36235.27,566.176,27.60
w4a8,64,1,4,aclgraph,FULL_DECODE_ONLY,16,128,64,2.9310,1024,45797.15,715.580,349.37
w4a8,64,1,4,aclgraph,FULL_DECODE_ONLY,64,128,64,4.0722,4096,63628.66,994.198,1005.84
w4a8,64,1,4,aclgraph,FULL_DECODE_ONLY,128,128,64,5.8802,8192,91878.06,1435.595,1393.15
